id_org,long,lat,type,id,coordinate
松山機場站出口1,121.55233500000001,25.063717,mrt,0,"25.063717,121.55233500000001"
中山國中站出口,121.544031,25.060889000000003,mrt,1,"25.060889000000003,121.544031"
忠孝復興站出口1,121.54314299999999,25.041797,mrt,2,"25.041797,121.54314299999999"
大安站出口1,121.541949,25.033507999999998,mrt,3,"25.033507999999998,121.541949"
科技大樓站出口,121.543636,25.026154000000002,mrt,4,"25.026154000000002,121.543636"
六張犁站出口,121.55273700000001,25.023851999999998,mrt,5,"25.023851999999998,121.55273700000001"
麟光站出口,121.55860600000001,25.018554,mrt,6,"25.018554,121.55860600000001"
辛亥站出口,121.55702099999999,25.005119,mrt,7,"25.005119,121.55702099999999"
萬芳醫院站出口,121.55773700000002,24.999382999999998,mrt,8,"24.999382999999998,121.55773700000002"
萬芳社區站出口,121.568409,24.99858,mrt,9,"24.99858,121.568409"
木柵站出口,121.57341699999999,24.998174,mrt,10,"24.998174,121.57341699999999"
動物園站出口1,121.579916,24.99825,mrt,11,"24.99825,121.579916"
大直站出口1,121.547104,25.080118,mrt,12,"25.080118,121.547104"
劍南路站出口1,121.555226,25.085174,mrt,13,"25.085174,121.555226"
西湖站出口1,121.566647,25.082339,mrt,14,"25.082339,121.566647"
港墘站出口1,121.57556000000001,25.080152,mrt,15,"25.080152,121.57556000000001"
文德站出口1,121.58563999999998,25.078671,mrt,16,"25.078671,121.58563999999998"
內湖站出口1,121.59426599999999,25.083745,mrt,17,"25.083745,121.59426599999999"
大湖公園站出口1,121.602377,25.083894,mrt,18,"25.083894,121.602377"
葫洲站出口1,121.608047,25.072638,mrt,19,"25.072638,121.608047"
東湖站出口1,121.611129,25.067218,mrt,20,"25.067218,121.611129"
南港軟體園區站出口1,121.61581699999999,25.059995,mrt,21,"25.059995,121.61581699999999"
南港展覽館站出口1,121.61693600000001,25.055847,mrt,22,"25.055847,121.61693600000001"
景美站出口1,121.54093300000001,24.992296,mrt,23,"24.992296,121.54093300000001"
萬隆站出口1,121.538896,25.001367000000002,mrt,24,"25.001367000000002,121.538896"
公館站出口1,121.534377,25.014509,mrt,25,"25.014509,121.534377"
台電大樓站出口1,121.528577,25.01962,mrt,26,"25.01962,121.528577"
古亭站出口1,121.522973,25.025976,mrt,27,"25.025976,121.522973"
中正紀念堂站出口1,121.51776399999999,25.033034,mrt,28,"25.033034,121.51776399999999"
小南門站出口1,121.509752,25.036434,mrt,29,"25.036434,121.509752"
台大醫院站出口1,121.515731,25.040913,mrt,30,"25.040913,121.515731"
台北車站,121.517532,25.046255,mrt,31,"25.046255,121.517532"
雙連站出口1,121.52058799999999,25.057499,mrt,32,"25.057499,121.52058799999999"
民權西路站出口1,121.51945400000001,25.062641,mrt,33,"25.062641,121.51945400000001"
圓山站出口1,121.52003300000001,25.070785,mrt,34,"25.070785,121.52003300000001"
劍潭站出口1,121.525175,25.08503,mrt,35,"25.08503,121.525175"
士林站出口1,121.525966,25.094106,mrt,36,"25.094106,121.525966"
芝山站出口1,121.522636,25.102045999999998,mrt,37,"25.102045999999998,121.522636"
明德站出口,121.519153,25.109298000000003,mrt,38,"25.109298000000003,121.519153"
石牌站出口1,121.515171,25.115007000000002,mrt,39,"25.115007000000002,121.515171"
唭哩岸站出口1,121.50698700000001,25.120673,mrt,40,"25.120673,121.50698700000001"
奇岩站出口,121.50096,25.126169,mrt,41,"25.126169,121.50096"
北投站出口1,121.49824,25.132316,mrt,42,"25.132316,121.49824"
新北投站出口,121.503524,25.136968,mrt,43,"25.136968,121.503524"
復興崗站出口1,121.485373,25.137665,mrt,44,"25.137665,121.485373"
忠義站出口1,121.473169,25.131056,mrt,45,"25.131056,121.473169"
關渡站出口1,121.467215,25.125431,mrt,46,"25.125431,121.467215"
龍山寺站出口1,121.49953000000001,25.035484,mrt,47,"25.035484,121.49953000000001"
善導寺站出口1,121.523009,25.045097,mrt,48,"25.045097,121.523009"
忠孝新生站出口1,121.531829,25.042784,mrt,49,"25.042784,121.531829"
忠孝敦化站出口1,121.550578,25.041642,mrt,50,"25.041642,121.550578"
國父紀念館站出口1,121.55666299999999,25.041838000000002,mrt,51,"25.041838000000002,121.55666299999999"
市政府站出口1,121.565459,25.041407999999997,mrt,52,"25.041407999999997,121.565459"
永春站出口1,121.57512,25.040995000000002,mrt,53,"25.040995000000002,121.57512"
後山埤站出口1,121.58141,25.044422,mrt,54,"25.044422,121.58141"
昆陽站出口1,121.592726,25.050319000000002,mrt,55,"25.050319000000002,121.592726"
南港站出口1,121.606357,25.051910999999997,mrt,56,"25.051910999999997,121.606357"
象山站出口1,121.56939399999999,25.033025,mrt,57,"25.033025,121.56939399999999"
台北101/世貿站出口1,121.56167099999999,25.033107,mrt,58,"25.033107,121.56167099999999"
信義安和站出口1,121.55260200000001,25.033376999999998,mrt,59,"25.033376999999998,121.55260200000001"
大安森林公園站出口1,121.534442,25.033693,mrt,60,"25.033693,121.534442"
大橋頭站出口1,121.51231899999999,25.06318,mrt,61,"25.06318,121.51231899999999"
中山國小站出口1,121.526095,25.062839999999998,mrt,62,"25.062839999999998,121.526095"
行天宮站出口1,121.533004,25.058316,mrt,63,"25.058316,121.533004"
東門站出口1,121.52799399999999,25.034157,mrt,64,"25.034157,121.52799399999999"
南京復興站出口1,121.542121,25.052625,mrt,65,"25.052625,121.542121"
中山站出口1,121.520303,25.052414000000002,mrt,66,"25.052414000000002,121.520303"
西門站出口1,121.507566,25.042137,mrt,67,"25.042137,121.507566"
松江南京站出口1,121.53238799999998,25.051842,mrt,68,"25.051842,121.53238799999998"
北門站出口1,121.50986200000001,25.048737,mrt,69,"25.048737,121.50986200000001"
台北小巨蛋站出口1,121.55153,25.051835999999998,mrt,70,"25.051835999999998,121.55153"
南京三民站出口1,121.563643,25.051517,mrt,71,"25.051517,121.563643"
松山站出口1,121.577022,25.050171,mrt,72,"25.050171,121.577022"
V0111C0,121.51601000000001,25.048579999999998,vd,73,"25.048579999999998,121.51601000000001"
V0112A0,121.50693999999999,25.05191,vd,74,"25.05191,121.50693999999999"
V0120C0,121.51163999999999,25.04985,vd,75,"25.04985,121.51163999999999"
V0130A0,121.51876000000001,25.04831,vd,76,"25.04831,121.51876000000001"
V0130A1,121.52615,25.04726,vd,77,"25.04726,121.52615"
V0140C0,121.53311000000001,25.04524,vd,78,"25.04524,121.53311000000001"
V0140C1,121.54115,25.0445,vd,79,"25.0445,121.54115"
V0150C0,121.54303,25.04469,vd,80,"25.04469,121.54303"
V0150C1,121.54796999999999,25.04489,vd,81,"25.04489,121.54796999999999"
V0150C2,121.55138000000001,25.044520000000002,vd,82,"25.044520000000002,121.55138000000001"
V0160C0,121.55738000000001,25.04503,vd,83,"25.04503,121.55738000000001"
V0380F0,121.5662,25.045460000000002,vd,84,"25.045460000000002,121.5662"
V0390G0,121.56018,25.04523,vd,85,"25.04523,121.56018"
V03A0G0,121.55542,25.04478,vd,86,"25.04478,121.55542"
V03B0G0,121.54777,25.04506,vd,87,"25.04506,121.54777"
V03C0G0,121.54113999999998,25.04469,vd,88,"25.04469,121.54113999999998"
V03C0G1,121.53446000000001,25.04524,vd,89,"25.04524,121.53446000000001"
V03D0G0,121.52618999999999,25.047439999999998,vd,90,"25.047439999999998,121.52618999999999"
V03D0G1,121.52304,25.04798,vd,91,"25.04798,121.52304"
V03D0G2,121.5188,25.04849,vd,92,"25.04849,121.5188"
V03E0G0,121.51461,25.0492,vd,93,"25.0492,121.51461"
V03E0G1,121.5117,25.05004,vd,94,"25.05004,121.5117"
V0UVS20,121.5834,24.97714,vd,95,"24.97714,121.5834"
V1001A0,121.53797,25.0236,vd,96,"25.0236,121.53797"
V1001B0,121.538,25.02758,vd,97,"25.02758,121.538"
V1010A0,121.53201999999999,25.02216,vd,98,"25.02216,121.53201999999999"
V1010A1,121.53732,25.02646,vd,99,"25.02646,121.53732"
V1011A0,121.53805,25.03454,vd,100,"25.03454,121.53805"
V1020A1,121.53751000000001,25.03409,vd,101,"25.03409,121.53751000000001"
V1021A0,121.538,25.038710000000002,vd,102,"25.038710000000002,121.538"
V1030A0,121.53758,25.03905,vd,103,"25.03905,121.53758"
V1040A0,121.53635,25.04287,vd,104,"25.04287,121.53635"
V1050A0,121.53721000000002,25.05735,vd,105,"25.05735,121.53721000000002"
V1051A1,121.53705,25.052410000000002,vd,106,"25.052410000000002,121.53705"
V1060A0,121.53646,25.04924,vd,107,"25.04924,121.53646"
V1070A1,121.53658,25.056379999999997,vd,108,"25.056379999999997,121.53658"
V1080A0,121.53683000000001,25.06396,vd,109,"25.06396,121.53683000000001"
V10C0A0,121.53633,25.04563,vd,110,"25.04563,121.53633"
V10D2A0,121.53728000000001,25.0605,vd,111,"25.0605,121.53728000000001"
V10E2A0,121.53705,25.04966,vd,112,"25.04966,121.53705"
V10F2A0,121.537,25.0463,vd,113,"25.0463,121.537"
V1210E0,121.53322,25.06844,vd,114,"25.06844,121.53322"
V1220E0,121.53322,25.06844,vd,115,"25.06844,121.53322"
V1221E0,121.53595,25.0655,vd,116,"25.0655,121.53595"
V1230E0,121.5373,25.063660000000002,vd,117,"25.063660000000002,121.5373"
V1231E0,121.53653,25.05398,vd,118,"25.05398,121.53653"
V1240E0,121.53647,25.05177,vd,119,"25.05177,121.53647"
V1241E0,121.53648999999999,25.04844,vd,120,"25.04844,121.53648999999999"
V1250E0,121.53698999999999,25.04711,vd,121,"25.04711,121.53698999999999"
V1260E0,121.53697,25.045,vd,122,"25.045,121.53697"
V1270E0,121.53702,25.04288,vd,123,"25.04288,121.53702"
V1280E0,121.53825,25.03732,vd,124,"25.03732,121.53825"
V1290E0,121.53783999999999,25.033839999999998,vd,125,"25.033839999999998,121.53783999999999"
V12B2E0,121.5373,25.02286,vd,126,"25.02286,121.5373"
V12C2E0,121.53638000000001,25.0443,vd,127,"25.0443,121.53638000000001"
V12D2E0,121.53747,25.04004,vd,128,"25.04004,121.53747"
V12E2E0,121.53742,25.0368,vd,129,"25.0368,121.53742"
V12F2E0,121.53746000000001,25.028579999999998,vd,130,"25.028579999999998,121.53746000000001"
V12G2E0,121.53797,25.0236,vd,131,"25.0236,121.53797"
V1CPB00,121.55377,24.980970000000003,vd,132,"24.980970000000003,121.55377"
V1CRT60,121.5678,24.98382,vd,133,"24.98382,121.5678"
V1IUI20,121.57658,24.987460000000002,vd,134,"24.987460000000002,121.57658"
V1NMM20,121.54813,24.9871,vd,135,"24.9871,121.54813"
V1NQM40,121.56066000000001,24.98714,vd,136,"24.98714,121.56066000000001"
V1SNV00,121.55243999999999,24.98919,vd,137,"24.98919,121.55243999999999"
V1TT960,121.5739,24.99044,vd,138,"24.99044,121.5739"
V1VJK40,121.53415,24.99333,vd,139,"24.99333,121.53415"
V1XLD00,121.53948999999999,24.9886,vd,140,"24.9886,121.53948999999999"
V2101B0,121.53391,25.00871,vd,141,"25.00871,121.53391"
V2110C0,121.54382,25.016679999999997,vd,142,"25.016679999999997,121.54382"
V2120C0,121.54746000000002,25.01974,vd,143,"25.01974,121.54746000000002"
V2130C0,121.54777,25.02027,vd,144,"25.02027,121.54777"
V2310G0,121.54123999999999,25.01491,vd,145,"25.01491,121.54123999999999"
V2311G0,121.53894,25.01247,vd,146,"25.01247,121.53894"
V2320G0,121.51194,25.02402,vd,147,"25.02402,121.51194"
V2321G0,121.54382,25.016679999999997,vd,148,"25.016679999999997,121.54382"
V2330G0,121.53544,24.99933,vd,149,"24.99933,121.53544"
V2KLN40,121.5403,24.998520000000003,vd,150,"24.998520000000003,121.5403"
V2LSS20,121.57161,24.99371,vd,151,"24.99371,121.57161"
V2PK0E0,121.53703,24.9981,vd,152,"24.9981,121.53703"
V2RTQ20,121.57446999999999,24.99505,vd,153,"24.99505,121.57446999999999"
V2WUA20,121.57683,24.99652,vd,154,"24.99652,121.57683"
V2ZUI60,121.58066000000001,24.99918,vd,155,"24.99918,121.58066000000001"
V3110C0,121.53469,25.01061,vd,156,"25.01061,121.53469"
V3120C0,121.53797,25.0236,vd,157,"25.0236,121.53797"
V3132C0,121.53374,25.02222,vd,158,"25.02222,121.53374"
V3310G0,121.53251999999999,25.022,vd,159,"25.022,121.53251999999999"
V3311G0,121.53374,25.02222,vd,160,"25.02222,121.53374"
V3320G0,121.53048999999999,25.02038,vd,161,"25.02038,121.53048999999999"
V3330G0,121.5435,25.02135,vd,162,"25.02135,121.5435"
V36F660,121.50768000000001,25.11348,vd,163,"25.11348,121.50768000000001"
V37JI40,121.53188999999999,25.11382,vd,164,"25.11382,121.53188999999999"
V3AIL00,121.52571999999999,25.11153,vd,165,"25.11153,121.52571999999999"
V3MER00,121.50838999999999,25.11345,vd,166,"25.11345,121.50838999999999"
V3UNW00,121.5511,25.11591,vd,167,"25.11591,121.5511"
V3ZT820,121.57036000000001,25.114720000000002,vd,168,"25.114720000000002,121.57036000000001"
V4010A0,121.53538,25.00358,vd,169,"25.00358,121.53538"
V4011A0,121.53411000000001,25.00618,vd,170,"25.00618,121.53411000000001"
V4020A0,121.52811000000001,25.01138,vd,171,"25.01138,121.52811000000001"
V4031A0,121.52666,25.014020000000002,vd,172,"25.014020000000002,121.52666"
V4040H1,121.52566000000002,25.015829999999998,vd,173,"25.015829999999998,121.52566000000002"
V4050G0,121.50791000000001,25.022489999999998,vd,174,"25.022489999999998,121.50791000000001"
V4060G0,121.50405,25.01991,vd,175,"25.01991,121.50405"
V4070G0,121.5233,25.01905,vd,176,"25.01905,121.5233"
V4080G0,121.4916,25.022879999999997,vd,177,"25.022879999999997,121.4916"
V4081G0,121.49293999999999,25.019070000000003,vd,178,"25.019070000000003,121.49293999999999"
V4090H0,121.48868999999999,25.02927,vd,179,"25.02927,121.48868999999999"
V40A2G0,121.49603,25.01625,vd,180,"25.01625,121.49603"
V4210D0,121.49569,25.016379999999998,vd,181,"25.016379999999998,121.49569"
V4220D0,121.50647,25.02105,vd,182,"25.02105,121.50647"
V4221E0,121.49411,25.017129999999998,vd,183,"25.017129999999998,121.49411"
V4230B0,121.50078,25.018,vd,184,"25.018,121.50078"
V4231C0,121.49608,25.01652,vd,185,"25.01652,121.49608"
V4250B0,121.51473999999999,25.02378,vd,186,"25.02378,121.51473999999999"
V4261E0,121.51125,25.02366,vd,187,"25.02366,121.51125"
V4270C0,121.51997,25.02064,vd,188,"25.02064,121.51997"
V4271C0,121.51625,25.02308,vd,189,"25.02308,121.51625"
V4280C0,121.5359,24.99858,vd,190,"24.99858,121.5359"
V4290C0,121.52564,25.0155,vd,191,"25.0155,121.52564"
V4291E0,121.52292,25.02042,vd,192,"25.02042,121.52292"
V42A0D0,121.53088000000001,25.01,vd,193,"25.01,121.53088000000001"
V42B0D0,121.53535,25.00297,vd,194,"25.00297,121.53535"
V42B1D0,121.53391,25.00871,vd,195,"25.00871,121.53391"
V42B1E0,121.54035,25.013720000000003,vd,196,"25.013720000000003,121.54035"
V42C0E0,121.53341,24.99205,vd,197,"24.99205,121.53341"
V42E2E0,121.51661000000001,25.021829999999998,vd,198,"25.021829999999998,121.51661000000001"
V42F2E0,121.5008,25.01827,vd,199,"25.01827,121.5008"
V42I2E0,121.52308000000001,25.019779999999997,vd,200,"25.019779999999997,121.52308000000001"
V42K2C0,121.49327,25.019070000000003,vd,201,"25.019070000000003,121.49327"
V42K2C1,121.48961000000001,25.02725,vd,202,"25.02725,121.48961000000001"
V4NJD00,121.52892,25.11713,vd,203,"25.11713,121.52892"
V4VDD40,121.51131000000001,25.108439999999998,vd,204,"25.108439999999998,121.51131000000001"
V5050A0,121.49248999999999,25.03685,vd,205,"25.03685,121.49248999999999"
V5051A0,121.4911,25.03639,vd,206,"25.03639,121.4911"
V5060B0,121.49869,25.04074,vd,207,"25.04074,121.49869"
V5062G0,121.50781,25.05067,vd,208,"25.05067,121.50781"
V5070A0,121.50786000000001,25.05507,vd,209,"25.05507,121.50786000000001"
V5070A1,121.50208,25.04502,vd,210,"25.04502,121.50208"
V5070A2,121.50544,25.04802,vd,211,"25.04802,121.50544"
V5080A0,121.50747,25.054470000000002,vd,212,"25.054470000000002,121.50747"
V50B0A0,121.5071,25.082710000000002,vd,213,"25.082710000000002,121.5071"
V50C2A0,121.49947,25.04199,vd,214,"25.04199,121.49947"
V5250E0,121.50652,25.050720000000002,vd,215,"25.050720000000002,121.50652"
V5260E0,121.49588,25.039,vd,216,"25.039,121.49588"
V5261E0,121.50639,25.04919,vd,217,"25.04919,121.50639"
V5261F0,121.50464,25.04774,vd,218,"25.04774,121.50464"
V5271E0,121.50142,25.04514,vd,219,"25.04514,121.50142"
V52A0E0,121.48836000000001,25.03172,vd,220,"25.03172,121.48836000000001"
V52B1E0,121.49569,25.016379999999998,vd,221,"25.016379999999998,121.49569"
V52C0E0,121.48975,25.02691,vd,222,"25.02691,121.48975"
V52C1E0,121.48921999999999,25.029320000000002,vd,223,"25.029320000000002,121.48921999999999"
V52C2E0,121.48911000000001,25.03546,vd,224,"25.03546,121.48911000000001"
V52D0E0,121.49175,25.021829999999998,vd,225,"25.021829999999998,121.49175"
V52H2E0,121.49663000000001,25.039179999999998,vd,226,"25.039179999999998,121.49663000000001"
V52I2E0,121.50033,25.04413,vd,227,"25.04413,121.50033"
V52J2E0,121.50282,25.046129999999998,vd,228,"25.046129999999998,121.50282"
V56BU20,121.48598999999999,25.12186,vd,229,"25.12186,121.48598999999999"
V58AH60,121.47438000000001,25.122429999999998,vd,230,"25.122429999999998,121.47438000000001"
V5AAF60,121.49065,25.12148,vd,231,"25.12148,121.49065"
V5AAF61,121.46883999999999,25.12314,vd,232,"25.12314,121.46883999999999"
V5B2R20,121.47308000000001,25.12271,vd,233,"25.12271,121.47308000000001"
V5B2R60,121.48302,25.12196,vd,234,"25.12196,121.48302"
V5G1K20,121.46666,25.123079999999998,vd,235,"25.123079999999998,121.46666"
V6110C0,121.57005,25.05272,vd,236,"25.05272,121.57005"
V6120C0,121.57082,25.051470000000002,vd,237,"25.051470000000002,121.57082"
V6121A0,121.57651000000001,25.05487,vd,238,"25.05487,121.57651000000001"
V6130C0,121.57427,25.05334,vd,239,"25.05334,121.57427"
V6140C0,121.57638999999999,25.05452,vd,240,"25.05452,121.57638999999999"
V6140C1,121.5766,25.054570000000002,vd,241,"25.054570000000002,121.5766"
V6141E0,121.57245,25.063229999999997,vd,242,"25.063229999999997,121.57245"
V6150C0,121.58155,25.0572,vd,243,"25.0572,121.58155"
V6150C1,121.58516999999999,25.059160000000002,vd,244,"25.059160000000002,121.58516999999999"
V6151C0,121.58365,25.05845,vd,245,"25.05845,121.58365"
V6151C1,121.58507,25.05919,vd,246,"25.05919,121.58507"
V6160C0,121.58758999999999,25.06048,vd,247,"25.06048,121.58758999999999"
V6160C1,121.5912,25.06071,vd,248,"25.06071,121.5912"
V6160C2,121.59848999999998,25.05828,vd,249,"25.05828,121.59848999999998"
V6160C3,121.60203999999999,25.05848,vd,250,"25.05848,121.60203999999999"
V6160C4,121.6061,25.058989999999998,vd,251,"25.058989999999998,121.6061"
V6160C5,121.60963999999998,25.06011,vd,252,"25.06011,121.60963999999998"
V6160C6,121.61088000000001,25.06105,vd,253,"25.06105,121.61088000000001"
V6160C7,121.61174,25.061989999999998,vd,254,"25.061989999999998,121.61174"
V6170C1,121.6142,25.06355,vd,255,"25.06355,121.6142"
V6171C0,121.6194,25.06115,vd,256,"25.06115,121.6194"
V6171C1,121.61598000000001,25.062929999999998,vd,257,"25.062929999999998,121.61598000000001"
V6180A0,121.61796000000001,25.06201,vd,258,"25.06201,121.61796000000001"
V6180A1,121.61935,25.06109,vd,259,"25.06109,121.61935"
V6180A2,121.62175,25.058220000000002,vd,260,"25.058220000000002,121.62175"
V6310G0,121.62187,25.05829,vd,261,"25.05829,121.62187"
V6320G0,121.6195,25.06121,vd,262,"25.06121,121.6195"
V6320G1,121.6167,25.062929999999998,vd,263,"25.062929999999998,121.6167"
V6330G0,121.61446000000001,25.06356,vd,264,"25.06356,121.61446000000001"
V6330G2,121.61083,25.06113,vd,265,"25.06113,121.61083"
V6330G3,121.60958000000001,25.06019,vd,266,"25.06019,121.60958000000001"
V6330G4,121.60588999999999,25.05902,vd,267,"25.05902,121.60588999999999"
V6330G5,121.60211000000001,25.05858,vd,268,"25.05858,121.60211000000001"
V6330G6,121.59806999999999,25.05839,vd,269,"25.05839,121.59806999999999"
V6330G7,121.59116000000002,25.06094,vd,270,"25.06094,121.59116000000002"
V6330G8,121.58753999999999,25.060570000000002,vd,271,"25.060570000000002,121.58753999999999"
V6340G0,121.58507,25.059279999999998,vd,272,"25.059279999999998,121.58507"
V6340G1,121.5807,25.05692,vd,273,"25.05692,121.5807"
V6350G0,121.5765,25.0547,vd,274,"25.0547,121.5765"
V6351G0,121.57915,25.05602,vd,275,"25.05602,121.57915"
V6360G0,121.57418999999999,25.05343,vd,276,"25.05343,121.57418999999999"
V6360G1,121.57056000000001,25.05142,vd,277,"25.05142,121.57056000000001"
V6380E0,121.56794,25.04716,vd,278,"25.04716,121.56794"
V7010A0,121.56738999999999,25.04624,vd,279,"25.04624,121.56738999999999"
V7230E0,121.56987,25.053,vd,280,"25.053,121.56987"
V7HMH00,121.54602,25.133329999999997,vd,281,"25.133329999999997,121.54602"
V7JCE40,121.49556000000001,25.133110000000002,vd,282,"25.133110000000002,121.49556000000001"
V8001H0,121.50466999999999,25.08703,vd,283,"25.08703,121.50466999999999"
V8001H1,121.50299999999999,25.08876,vd,284,"25.08876,121.50299999999999"
V8001H2,121.50245,25.08983,vd,285,"25.08983,121.50245"
V8010A1,121.49951999999999,25.0922,vd,286,"25.0922,121.49951999999999"
V8010A2,121.49753999999999,25.09666,vd,287,"25.09666,121.49753999999999"
V8020A0,121.49908,25.10116,vd,288,"25.10116,121.49908"
V8030A0,121.49908,25.10524,vd,289,"25.10524,121.49908"
V8040A0,121.49861999999999,25.1114,vd,290,"25.1114,121.49861999999999"
V8040A1,121.49991999999999,25.11656,vd,291,"25.11656,121.49991999999999"
V8050A0,121.49955,25.1214,vd,292,"25.1214,121.49955"
V8220E0,121.49983,25.11907,vd,293,"25.11907,121.49983"
V8220E1,121.49925,25.11435,vd,294,"25.11435,121.49925"
V8220E2,121.49843999999999,25.11139,vd,295,"25.11139,121.49843999999999"
V8230E1,121.49873000000001,25.105829999999997,vd,296,"25.105829999999997,121.49873000000001"
V8240E0,121.49888,25.10216,vd,297,"25.10216,121.49888"
V8250E0,121.49752,25.09763,vd,298,"25.09763,121.49752"
V8250E1,121.49925,25.09219,vd,299,"25.09219,121.49925"
V8260E0,121.50214,25.08935,vd,300,"25.08935,121.50214"
V9010A0,121.57976000000001,25.00348,vd,301,"25.00348,121.57976000000001"
V9030A2,121.57951000000001,25.01701,vd,302,"25.01701,121.57951000000001"
V9040A0,121.57775,25.0219,vd,303,"25.0219,121.57775"
V9050A0,121.57623999999998,25.02458,vd,304,"25.02458,121.57623999999998"
V9060A0,121.57208999999999,25.03161,vd,305,"25.03161,121.57208999999999"
V9201A0,121.57297,25.03319,vd,306,"25.03319,121.57297"
V9211A0,121.56988,25.03229,vd,307,"25.03229,121.56988"
V9230A1,121.57123,25.02872,vd,308,"25.02872,121.57123"
V9240A0,121.57648,25.02205,vd,309,"25.02205,121.57648"
V9250A2,121.57857,25.01618,vd,310,"25.01618,121.57857"
V9260A0,121.58068999999999,25.008470000000003,vd,311,"25.008470000000003,121.58068999999999"
V9FKW40,121.53832,25.17386,vd,312,"25.17386,121.53832"
V9FLB00,121.54098,25.167839999999998,vd,313,"25.167839999999998,121.54098"
V9HKV40,121.53336000000002,25.17739,vd,314,"25.17739,121.53336000000002"
V9IJV70,121.53515,25.16982,vd,315,"25.16982,121.53515"
VACTV20,121.57513999999999,24.9993,vd,316,"24.9993,121.57513999999999"
VAGPE40,121.55241000000001,24.9975,vd,317,"24.9975,121.55241000000001"
VAWVC20,121.58202,25.00244,vd,318,"25.00244,121.58202"
VB5PL40,121.55742,25.00519,vd,319,"25.00519,121.55742"
VB5PL60,121.55799999999999,25.00855,vd,320,"25.00855,121.55799999999999"
VB9L800,121.53846000000001,25.003020000000003,vd,321,"25.003020000000003,121.53846000000001"
VBWQ840,121.55511000000001,25.0119,vd,322,"25.0119,121.55511000000001"
VCCKW00,121.53883,25.00655,vd,323,"25.00655,121.53883"
VCNKM20,121.53618999999999,25.01139,vd,324,"25.01139,121.53618999999999"
VCPKT00,121.53891000000002,25.01275,vd,325,"25.01275,121.53891000000002"
VCPKT40,121.53923,25.013479999999998,vd,326,"25.013479999999998,121.53923"
VCPKT41,121.53368,25.01549,vd,327,"25.01549,121.53368"
VCZLY20,121.54251000000001,25.01582,vd,328,"25.01582,121.54251000000001"
VDENZ00,121.55462,25.01285,vd,329,"25.01285,121.55462"
VDKJT00,121.53102,25.01416,vd,330,"25.01416,121.53102"
VDTJT00,121.53397,25.013939999999998,vd,331,"25.013939999999998,121.53397"
VDTJW00,121.53633,25.01286,vd,332,"25.01286,121.53633"
VDYN960,121.54955,25.016379999999998,vd,333,"25.016379999999998,121.54955"
VE4A420,121.60186000000002,25.05355,vd,334,"25.05355,121.60186000000002"
VE7GH40,121.52448999999999,25.02049,vd,335,"25.02049,121.52448999999999"
VEFM0C0,121.54833,25.02083,vd,336,"25.02083,121.54833"
VEFMN20,121.54658,25.019579999999998,vd,337,"25.019579999999998,121.54658"
VEFMN40,121.54543999999999,25.0187,vd,338,"25.0187,121.54543999999999"
VEFMN60,121.54836,25.016379999999998,vd,339,"25.016379999999998,121.54836"
VEGCQ00,121.49686000000001,25.018639999999998,vd,340,"25.018639999999998,121.49686000000001"
VELJA00,121.53023999999999,25.01902,vd,341,"25.01902,121.53023999999999"
VENCU40,121.49778,25.020129999999998,vd,342,"25.020129999999998,121.49778"
VEUPN60,121.55783999999998,25.01922,vd,343,"25.01922,121.55783999999998"
VEVIV40,121.52708,25.02166,vd,344,"25.02166,121.52708"
VEWM500,121.5433,25.02346,vd,345,"25.02346,121.5433"
VEWM560,121.545,25.02038,vd,346,"25.02038,121.545"
VEWN0C0,121.54833,25.02083,vd,347,"25.02083,121.54833"
VEZPT20,121.55465,25.022070000000003,vd,348,"25.022070000000003,121.55465"
VF9KB00,121.53327,25.0181,vd,349,"25.0181,121.53327"
VF9KB20,121.53255,25.021910000000002,vd,350,"25.021910000000002,121.53255"
VF9KB60,121.53258000000001,25.022679999999998,vd,351,"25.022679999999998,121.53258000000001"
VF9KW60,121.53925,25.0213,vd,352,"25.0213,121.53925"
VF9M500,121.54913,25.091820000000002,vd,353,"25.091820000000002,121.54913"
VF9NH00,121.55082,25.02348,vd,354,"25.02348,121.55082"
VFDGP01,121.51673000000001,25.02165,vd,355,"25.02165,121.51673000000001"
VFNN700,121.54829,25.024820000000002,vd,356,"25.024820000000002,121.54829"
VFNNH40,121.51332,25.11445,vd,357,"25.11445,121.51332"
VFPMQ20,121.54666,25.024620000000002,vd,358,"25.024620000000002,121.54666"
VFQM660,121.54427,25.02479,vd,359,"25.02479,121.54427"
VFTLH60,121.53935,25.02522,vd,360,"25.02522,121.53935"
VFVGM00,121.51628000000001,25.025579999999998,vd,361,"25.025579999999998,121.51628000000001"
VFVKW40,121.53808000000001,25.029139999999998,vd,362,"25.029139999999998,121.53808000000001"
VFWBS00,121.49146,25.02507,vd,363,"25.02507,121.49146"
VFYKD00,121.53402,25.02927,vd,364,"25.02927,121.53402"
VFYKD01,121.53483,25.02437,vd,365,"25.02437,121.53483"
VFYKD40,121.53466,25.02488,vd,366,"25.02488,121.53466"
VFYKD41,121.53466,25.02761,vd,367,"25.02761,121.53466"
VFZK620,121.52484,25.02712,vd,368,"25.02712,121.52484"
VG6J520,121.52893999999999,25.02642,vd,369,"25.02642,121.52893999999999"
VG7EQ00,121.50498,25.02863,vd,370,"25.02863,121.50498"
VG7PG50,121.55377,25.02555,vd,371,"25.02555,121.55377"
VG8IK40,121.52649,25.027739999999998,vd,372,"25.027739999999998,121.52649"
VG8IK60,121.51808999999999,25.02682,vd,373,"25.02682,121.51808999999999"
VGBBW20,121.49277,25.029989999999998,vd,374,"25.029989999999998,121.49277"
VGBBW60,121.49408000000001,25.03116,vd,375,"25.03116,121.49408000000001"
VGHN840,121.54856000000001,25.030829999999998,vd,376,"25.030829999999998,121.54856000000001"
VGIA660,121.4882,25.0303,vd,377,"25.0303,121.4882"
VGIBX60,121.49349,25.02856,vd,378,"25.02856,121.49349"
VGKBM20,121.48803999999998,25.03051,vd,379,"25.03051,121.48803999999998"
VGKCG20,121.49403999999998,25.02717,vd,380,"25.02717,121.49403999999998"
VGKCG40,121.49699,25.031660000000002,vd,381,"25.031660000000002,121.49699"
VGKCG60,121.49734,25.02927,vd,382,"25.02927,121.49734"
VGLKW40,121.53686,25.04566,vd,383,"25.04566,121.53686"
VGMFQ20,121.51100000000001,25.02958,vd,384,"25.02958,121.51100000000001"
VGSGF00,121.51533,25.02814,vd,385,"25.02814,121.51533"
VGTHG00,121.52088,25.028879999999997,vd,386,"25.028879999999997,121.52088"
VGTPW50,121.55743999999999,25.02906,vd,387,"25.02906,121.55743999999999"
VGUEI60,121.50276000000001,25.02981,vd,388,"25.02981,121.50276000000001"
VGYER20,121.50648000000001,25.030520000000003,vd,389,"25.030520000000003,121.50648000000001"
VGYS640,121.56818,25.031129999999997,vd,390,"25.031129999999997,121.56818"
VGYS7A0,121.57172,25.032239999999998,vd,391,"25.032239999999998,121.57172"
VGYS7A1,121.57195,25.03218,vd,392,"25.03218,121.57195"
VH6CN60,121.49877,25.03108,vd,393,"25.03108,121.49877"
VH6DG00,121.50035,25.030160000000002,vd,394,"25.030160000000002,121.50035"
VH7E720,121.50133000000001,25.03108,vd,395,"25.03108,121.50133000000001"
VH7E760,121.506,25.03122,vd,396,"25.03122,121.506"
VH7EN60,121.50792,25.03132,vd,397,"25.03132,121.50792"
VH9H820,121.49408000000001,25.03116,vd,398,"25.03116,121.49408000000001"
VHBGA00,121.5143,25.03132,vd,399,"25.03132,121.5143"
VHBGA01,121.51268,25.033839999999998,vd,400,"25.033839999999998,121.51268"
VHEPV00,121.55755,25.030929999999998,vd,401,"25.030929999999998,121.55755"
VHEPV40,121.5575,25.0321,vd,402,"25.0321,121.5575"
VHFHU00,121.52283,25.0328,vd,403,"25.0328,121.52283"
VHFHV00,121.52226999999999,25.02964,vd,404,"25.02964,121.52226999999999"
VHHEF20,121.50576000000001,25.0328,vd,405,"25.0328,121.50576000000001"
VHJS620,121.5665,25.0328,vd,406,"25.0328,121.5665"
VHKPV40,121.55741,25.034760000000002,vd,407,"25.034760000000002,121.55741"
VHKPV60,121.55905,25.03305,vd,408,"25.03305,121.55905"
VHKQP20,121.56022,25.03288,vd,409,"25.03288,121.56022"
VHLM800,121.54308,25.03184,vd,410,"25.03184,121.54308"
VHLNV00,121.55233,25.0316,vd,411,"25.0316,121.55233"
VHM3N40,121.61126999999999,25.03355,vd,412,"25.03355,121.61126999999999"
VHMKV20,121.53608,25.03356,vd,413,"25.03356,121.53608"
VHMKW40,121.53746000000001,25.03049,vd,414,"25.03049,121.53746000000001"
VHMM620,121.55011999999999,25.03144,vd,415,"25.03144,121.55011999999999"
VHMML20,121.54553,25.03331,vd,416,"25.03331,121.54553"
VHNJV20,121.52873999999998,25.03386,vd,417,"25.03386,121.52873999999998"
VHPBV00,121.49191,25.03247,vd,418,"25.03247,121.49191"
VHPEB20,121.5033,25.03347,vd,419,"25.03347,121.5033"
VHSH560,121.51971,25.033739999999998,vd,420,"25.033739999999998,121.51971"
VHSIP20,121.52518,25.0351,vd,421,"25.0351,121.52518"
VHWGD40,121.51678999999999,25.037589999999998,vd,422,"25.037589999999998,121.51678999999999"
VHWGD60,121.5187,25.04293,vd,423,"25.04293,121.5187"
VHX4E40,121.61596999999999,25.03507,vd,424,"25.03507,121.61596999999999"
VHXS600,121.56827,25.03275,vd,425,"25.03275,121.56827"
VHYFT00,121.51246,25.03675,vd,426,"25.03675,121.51246"
VHZC820,121.49596000000001,25.03555,vd,427,"25.03555,121.49596000000001"
VI6I900,121.52443000000001,25.03615,vd,428,"25.03615,121.52443000000001"
VI6NV00,121.54836,25.03514,vd,429,"25.03514,121.54836"
VI9EM00,121.50622,25.035220000000002,vd,430,"25.035220000000002,121.50622"
VI9QP10,121.56055,25.03369,vd,431,"25.03369,121.56055"
VI9QP11,121.56178,25.036189999999998,vd,432,"25.036189999999998,121.56178"
VI9QP12,121.5615,25.03535,vd,433,"25.03535,121.5615"
VI9R760,121.56464,25.0358,vd,434,"25.0358,121.56464"
VI9RW20,121.56624,25.0358,vd,435,"25.0358,121.56624"
VI9S600,121.56849,25.03527,vd,436,"25.03527,121.56849"
VIAM700,121.5436,25.036720000000003,vd,437,"25.036720000000003,121.5436"
VIBHV20,121.52196,25.036839999999998,vd,438,"25.036839999999998,121.52196"
VIDDL00,121.50102,25.034329999999997,vd,439,"25.034329999999997,121.50102"
VIGHK20,121.51901000000001,25.038320000000002,vd,440,"25.038320000000002,121.51901000000001"
VIGHK40,121.52143999999998,25.038520000000002,vd,441,"25.038520000000002,121.52143999999998"
VIKPW00,121.55763,25.03665,vd,442,"25.03665,121.55763"
VIKPW61,121.55909,25.03773,vd,443,"25.03773,121.55909"
VIKQP20,121.55899,25.03762,vd,444,"25.03762,121.55899"
VIKQU50,121.56358,25.03969,vd,445,"25.03969,121.56358"
VILNY60,121.55393000000001,25.03784,vd,446,"25.03784,121.55393000000001"
VILPI20,121.55396,25.03752,vd,447,"25.03752,121.55396"
VIME520,121.5041,25.0381,vd,448,"25.0381,121.5041"
VIME560,121.50578,25.037689999999998,vd,449,"25.037689999999998,121.50578"
VIMNN00,121.55188000000001,25.036939999999998,vd,450,"25.036939999999998,121.55188000000001"
VINJW00,121.53318999999999,25.03566,vd,451,"25.03566,121.53318999999999"
VINKW00,121.5383,25.03652,vd,452,"25.03652,121.5383"
VINKW20,121.53568999999999,25.03824,vd,453,"25.03824,121.53568999999999"
VINKW40,121.53764,25.03566,vd,454,"25.03566,121.53764"
VINLD61,121.54163999999999,25.03823,vd,455,"25.03823,121.54163999999999"
VINM760,121.54502,25.038120000000003,vd,456,"25.038120000000003,121.54502"
VIPIZ60,121.52734,25.03856,vd,457,"25.03856,121.52734"
VIPIZ61,121.52819,25.037020000000002,vd,458,"25.037020000000002,121.52819"
VIPJA20,121.53098,25.03837,vd,459,"25.03837,121.53098"
VIQDB00,121.49869,25.03857,vd,460,"25.03857,121.49869"
VIRHZ20,121.5228,25.03878,vd,461,"25.03878,121.5228"
VISCI20,121.49091000000001,25.03555,vd,462,"25.03555,121.49091000000001"
VIVS602,121.56871000000001,25.04,vd,463,"25.04,121.56871000000001"
VIWR760,121.56443999999999,25.039189999999998,vd,464,"25.039189999999998,121.56443999999999"
VIWRJ00,121.56541000000001,25.03775,vd,465,"25.03775,121.56541000000001"
VIWRJ60,121.5684,25.03905,vd,466,"25.03905,121.5684"
VIXJ740,121.5291,25.04027,vd,467,"25.04027,121.5291"
VJ7II00,121.52573999999998,25.040470000000003,vd,468,"25.040470000000003,121.52573999999998"
VJ7KV40,121.53813999999998,25.03905,vd,469,"25.03905,121.53813999999998"
VJCHS40,121.52266000000002,25.04169,vd,470,"25.04169,121.52266000000002"
VJCTT20,121.57463,25.040760000000002,vd,471,"25.040760000000002,121.57463"
VJCTT60,121.57491,25.04109,vd,472,"25.04109,121.57491"
VJDST20,121.56968,25.040689999999998,vd,473,"25.040689999999998,121.56968"
VJERC00,121.56386,25.04051,vd,474,"25.04051,121.56386"
VJERC40,121.56523999999999,25.04316,vd,475,"25.04316,121.56523999999999"
VJERC50,121.56563999999999,25.043329999999997,vd,476,"25.043329999999997,121.56563999999999"
VJERC51,121.56497,25.04147,vd,477,"25.04147,121.56497"
VJERC52,121.56443999999999,25.040860000000002,vd,478,"25.040860000000002,121.56443999999999"
VJES820,121.56608,25.041,vd,479,"25.041,121.56608"
VJFPW00,121.55774,25.04049,vd,480,"25.04049,121.55774"
VJFPW01,121.55756000000001,25.04315,vd,481,"25.04315,121.55756000000001"
VJFPW60,121.55351,25.0415,vd,482,"25.0415,121.55351"
VJFQQ00,121.56161000000002,25.0401,vd,483,"25.0401,121.56161000000002"
VJFQQ60,121.56232,25.04105,vd,484,"25.04105,121.56232"
VJGMT00,121.55,25.0393,vd,485,"25.0393,121.55"
VJGMT20,121.54647,25.04141,vd,486,"25.04141,121.54647"
VJGN700,121.54846,25.03979,vd,487,"25.03979,121.54846"
VJGNY60,121.55371000000001,25.04155,vd,488,"25.04155,121.55371000000001"
VJGPQ00,121.54845,25.04349,vd,489,"25.04349,121.54845"
VJGPQ20,121.54739,25.04488,vd,490,"25.04488,121.54739"
VJHKR21,121.5384,25.04158,vd,491,"25.04158,121.5384"
VJHKR40,121.5371,25.04113,vd,492,"25.04113,121.5371"
VJHM700,121.54375,25.044079999999997,vd,493,"25.044079999999997,121.54375"
VJHML20,121.54545,25.041420000000002,vd,494,"25.041420000000002,121.54545"
VJM4U00,121.6175,25.040210000000002,vd,495,"25.040210000000002,121.6175"
VJMHU00,121.52301999999999,25.0431,vd,496,"25.0431,121.52301999999999"
VJMHU60,121.52383,25.04208,vd,497,"25.04208,121.52383"
VJPEI40,121.50644,25.042939999999998,vd,498,"25.042939999999998,121.50644"
VJPEI60,121.5039,25.043129999999998,vd,499,"25.043129999999998,121.5039"
VJQEB00,121.5063,25.04796,vd,500,"25.04796,121.5063"
VJQJI20,121.53065,25.04273,vd,501,"25.04273,121.53065"
VJSJD40,121.52691000000002,25.0328,vd,502,"25.0328,121.52691000000002"
VJT4T00,121.61688999999998,25.042820000000003,vd,503,"25.042820000000003,121.61688999999998"
VJTFX00,121.51313,25.04281,vd,504,"25.04281,121.51313"
VJTJ820,121.52745,25.04359,vd,505,"25.04359,121.52745"
VJTJ960,121.53145,25.04428,vd,506,"25.04428,121.53145"
VJUDT20,121.50185,25.04305,vd,507,"25.04305,121.50185"
VJVRL10,121.56549,25.04297,vd,508,"25.04297,121.56549"
VJVRL11,121.56595,25.04315,vd,509,"25.04315,121.56595"
VJVRL40,121.56658,25.04496,vd,510,"25.04496,121.56658"
VJWJ700,121.53282,25.0401,vd,511,"25.0401,121.53282"
VJWJ720,121.53141000000001,25.04049,vd,512,"25.04049,121.53141000000001"
VJWJ740,121.53284,25.04024,vd,513,"25.04024,121.53284"
VK5IE20,121.52613000000001,25.04392,vd,514,"25.04392,121.52613000000001"
VK6L860,121.541,25.04489,vd,515,"25.04489,121.541"
VK6NY60,121.55646000000002,25.045070000000003,vd,516,"25.045070000000003,121.55646000000002"
VK6P820,121.55098999999998,25.04447,vd,517,"25.04447,121.55098999999998"
VK7K820,121.53341,25.04448,vd,518,"25.04448,121.53341"
VK7KP40,121.53633,25.045720000000003,vd,519,"25.045720000000003,121.53633"
VK8LT20,121.54106999999999,25.04441,vd,520,"25.04441,121.54106999999999"
VK9KC60,121.53577,25.044970000000003,vd,521,"25.044970000000003,121.53577"
VKAHN20,121.52218,25.045270000000002,vd,522,"25.045270000000002,121.52218"
VKCUX20,121.58305,25.0458,vd,523,"25.0458,121.58305"
VKDUK20,121.57898999999999,25.04522,vd,524,"25.04522,121.57898999999999"
VKE4M40,121.61525,25.04641,vd,525,"25.04641,121.61525"
VKESJ10,121.57341000000001,25.04549,vd,526,"25.04549,121.57341000000001"
VKII640,121.52361,25.045720000000003,vd,527,"25.045720000000003,121.52361"
VKJEP40,121.50741000000001,25.04727,vd,528,"25.04727,121.50741000000001"
VKJJP20,121.53106000000001,25.04566,vd,529,"25.04566,121.53106000000001"
VKLGD20,121.51449,25.04671,vd,530,"25.04671,121.51449"
VKLLH20,121.5405,25.046999999999997,vd,531,"25.046999999999997,121.5405"
VKLPX00,121.55762,25.0465,vd,532,"25.0465,121.55762"
VKNIV20,121.52691999999999,25.0469,vd,533,"25.0469,121.52691999999999"
VKP4L00,121.61516999999999,25.045679999999997,vd,534,"25.045679999999997,121.61516999999999"
VKRM820,121.5446,25.04768,vd,535,"25.04768,121.5446"
VKSIE60,121.52702,25.0473,vd,536,"25.0473,121.52702"
VKVHI20,121.51901000000001,25.048170000000002,vd,537,"25.048170000000002,121.51901000000001"
VKVJB60,121.52705,25.048579999999998,vd,538,"25.048579999999998,121.52705"
VKWN800,121.54903,25.0471,vd,539,"25.0471,121.54903"
VKWNV20,121.55181999999999,25.048389999999998,vd,540,"25.048389999999998,121.55181999999999"
VKXET60,121.50828999999999,25.04865,vd,541,"25.04865,121.50828999999999"
VKXRL60,121.56228,25.04694,vd,542,"25.04694,121.56228"
VKZQW20,121.56206999999999,25.048779999999997,vd,543,"25.048779999999997,121.56206999999999"
VL5GL60,121.51903,25.04852,vd,544,"25.04852,121.51903"
VL6IA60,121.52386000000001,25.04941,vd,545,"25.04941,121.52386000000001"
VL6RM20,121.56761000000002,25.049139999999998,vd,546,"25.049139999999998,121.56761000000002"
VL7PX00,121.55778000000001,25.04898,vd,547,"25.04898,121.55778000000001"
VL7SU60,121.57417,25.04947,vd,548,"25.04947,121.57417"
VL7TM20,121.57418,25.049310000000002,vd,549,"25.049310000000002,121.57418"
VL9SB00,121.56978000000001,25.050729999999998,vd,550,"25.050729999999998,121.56978000000001"
VLAFP60,121.51208999999999,25.049979999999998,vd,551,"25.049979999999998,121.51208999999999"
VLAJE40,121.52991000000002,25.05045,vd,552,"25.05045,121.52991000000002"
VLAKQ20,121.5368,25.05119,vd,553,"25.05119,121.5368"
VLBHN00,121.52108999999999,25.04895,vd,554,"25.04895,121.52108999999999"
VLDTB20,121.57314,25.04983,vd,555,"25.04983,121.57314"
VLEWX20,121.59213999999999,25.04993,vd,556,"25.04993,121.59213999999999"
VLGGY60,121.51914,25.05059,vd,557,"25.05059,121.51914"
VLGGYA0,121.49951999999999,25.10603,vd,558,"25.10603,121.49951999999999"
VLKGF40,121.51603999999999,25.05109,vd,559,"25.05109,121.51603999999999"
VLKSH00,121.56951000000001,25.04985,vd,560,"25.04985,121.56951000000001"
VLKSH01,121.56951000000001,25.04985,vd,561,"25.04985,121.56951000000001"
VLMG600,121.51371999999999,25.05301,vd,562,"25.05301,121.51371999999999"
VLMR820,121.51898999999999,25.09456,vd,563,"25.09456,121.51898999999999"
VLNPU40,121.55691999999999,25.0524,vd,564,"25.0524,121.55691999999999"
VLNX920,121.59075,25.050829999999998,vd,565,"25.050829999999998,121.59075"
VLPN800,121.54881999999999,25.05303,vd,566,"25.05303,121.54881999999999"
VLQEY00,121.50792,25.04975,vd,567,"25.04975,121.50792"
VLQLI00,121.54048999999999,25.04952,vd,568,"25.04952,121.54048999999999"
VLQLI40,121.54058,25.05368,vd,569,"25.05368,121.54058"
VLRHT00,121.52203999999999,25.05116,vd,570,"25.05116,121.52203999999999"
VLRHT60,121.52386000000001,25.0522,vd,571,"25.0522,121.52386000000001"
VLRIF20,121.52385,25.05213,vd,572,"25.05213,121.52385"
VLRIF40,121.52543999999999,25.053160000000002,vd,573,"25.053160000000002,121.52543999999999"
VLRJE00,121.52996999999999,25.053739999999998,vd,574,"25.053739999999998,121.52996999999999"
VLRJM60,121.5316,25.05208,vd,575,"25.05208,121.5316"
VLRJX00,121.53291000000002,25.050910000000002,vd,576,"25.050910000000002,121.53291000000002"
VLRJX20,121.5316,25.052,vd,577,"25.052,121.5316"
VLRKQ40,121.53648999999999,25.05094,vd,578,"25.05094,121.53648999999999"
VLTEQ40,121.50929,25.052229999999998,vd,579,"25.052229999999998,121.50929"
VLV3D60,121.61119,25.05264,vd,580,"25.05264,121.61119"
VLXFX20,121.51196000000002,25.04962,vd,581,"25.04962,121.51196000000002"
VLXZ720,121.59718000000001,25.05194,vd,582,"25.05194,121.59718000000001"
VLY4920,121.61142,25.05256,vd,583,"25.05256,121.61142"
VLYGU40,121.51743,25.05234,vd,584,"25.05234,121.51743"
VM010A2,121.54496999999999,25.06887,vd,585,"25.06887,121.54496999999999"
VM210E2,121.54356999999999,25.070429999999998,vd,586,"25.070429999999998,121.54356999999999"
VM64J20,121.61373999999999,25.0528,vd,587,"25.0528,121.61373999999999"
VM6GJ00,121.51624,25.05347,vd,588,"25.05347,121.51624"
VM7FI60,121.51100000000001,25.053910000000002,vd,589,"25.053910000000002,121.51100000000001"
VM7PP00,121.5559,25.0546,vd,590,"25.0546,121.5559"
VM8PX60,121.56525,25.05432,vd,591,"25.05432,121.56525"
VM9QH20,121.55891000000001,25.05385,vd,592,"25.05385,121.55891000000001"
VMAZC60,121.60168999999999,25.0535,vd,593,"25.0535,121.60168999999999"
VMBWS20,121.58398999999999,25.05227,vd,594,"25.05227,121.58398999999999"
VMCN800,121.54888999999999,25.05333,vd,595,"25.05333,121.54888999999999"
VMDL800,121.53986,25.054660000000002,vd,596,"25.054660000000002,121.53986"
VMDL820,121.53128000000001,25.05472,vd,597,"25.05472,121.53128000000001"
VMDXF00,121.59501999999999,25.053320000000003,vd,598,"25.053320000000003,121.59501999999999"
VMEJW40,121.53308,25.05669,vd,599,"25.05669,121.53308"
VMEKD00,121.53558000000001,25.054660000000002,vd,600,"25.054660000000002,121.53558000000001"
VMEKQ40,121.53726999999999,25.05482,vd,601,"25.05482,121.53726999999999"
VMEKQ41,121.53652,25.0558,vd,602,"25.0558,121.53652"
VMFIG20,121.52513,25.055,vd,603,"25.055,121.52513"
VMLXB00,121.59419,25.05537,vd,604,"25.05537,121.59419"
VMQ4C40,121.61405,25.05675,vd,605,"25.05675,121.61405"
VMQGX40,121.51807,25.05568,vd,606,"25.05568,121.51807"
VMQMV00,121.54368000000001,25.0537,vd,607,"25.0537,121.54368000000001"
VMTG520,121.51272,25.056929999999998,vd,608,"25.056929999999998,121.51272"
VMTR600,121.56357,25.05644,vd,609,"25.05644,121.56357"
VMUGG20,121.51438999999999,25.05718,vd,610,"25.05718,121.51438999999999"
VMV4U41,121.61653000000001,25.05722,vd,611,"25.05722,121.61653000000001"
VMXH820,121.51943999999999,25.0577,vd,612,"25.0577,121.51943999999999"
VMYN820,121.54693999999999,25.05752,vd,613,"25.05752,121.54693999999999"
VMZL960,121.53813999999998,25.058139999999998,vd,614,"25.058139999999998,121.53813999999998"
VMZL961,121.5428,25.06247,vd,615,"25.06247,121.5428"
VMZLI20,121.54173,25.05808,vd,616,"25.05808,121.54173"
VMZM900,121.54378,25.05976,vd,617,"25.05976,121.54378"
VN0A0E0,121.53013999999999,25.0435,vd,618,"25.0435,121.53013999999999"
VN0B0E0,121.53036000000002,25.04417,vd,619,"25.04417,121.53036000000002"
VN0B0E1,121.53108,25.046689999999998,vd,620,"25.046689999999998,121.53108"
VN0B0E2,121.53063999999999,25.04622,vd,621,"25.04622,121.53063999999999"
VN0B0E3,121.52858,25.04949,vd,622,"25.04949,121.52858"
VN0C0E0,121.52928,25.04919,vd,623,"25.04919,121.52928"
VN0C0E1,121.52797,25.05544,vd,624,"25.05544,121.52797"
VN0C0E2,121.52806000000001,25.05286,vd,625,"25.05286,121.52806000000001"
VN0E0E0,121.52808,25.063579999999998,vd,626,"25.063579999999998,121.52808"
VN0E0E1,121.52811000000001,25.0635,vd,627,"25.0635,121.52811000000001"
VN0E0E2,121.52781,25.067610000000002,vd,628,"25.067610000000002,121.52781"
VN0F0E0,121.52806000000001,25.069000000000003,vd,629,"25.069000000000003,121.52806000000001"
VN0F0E1,121.52725,25.07174,vd,630,"25.07174,121.52725"
VN2A0E0,121.52718999999999,25.07183,vd,631,"25.07183,121.52718999999999"
VN2A0E1,121.52561000000001,25.07364,vd,632,"25.07364,121.52561000000001"
VN2B0E0,121.52743999999998,25.05658,vd,633,"25.05658,121.52743999999998"
VN2B0E1,121.52783000000001,25.067610000000002,vd,634,"25.067610000000002,121.52783000000001"
VN2B0E2,121.52778,25.067439999999998,vd,635,"25.067439999999998,121.52778"
VN2B0E3,121.52722,25.062170000000002,vd,636,"25.062170000000002,121.52722"
VN2C0E0,121.52806000000001,25.05086,vd,637,"25.05086,121.52806000000001"
VN2C0E1,121.52706,25.05406,vd,638,"25.05406,121.52706"
VN2C0E2,121.52886000000001,25.04906,vd,639,"25.04906,121.52886000000001"
VN2D0E0,121.53063999999999,25.046,vd,640,"25.046,121.53063999999999"
VN2D0E1,121.52953000000001,25.04797,vd,641,"25.04797,121.52953000000001"
VN2D0E2,121.53061000000001,25.046889999999998,vd,642,"25.046889999999998,121.53061000000001"
VN2E0E0,121.52975,25.04406,vd,643,"25.04406,121.52975"
VN5HV00,121.52266000000002,25.05534,vd,644,"25.05534,121.52266000000002"
VN5HV60,121.52201000000001,25.057779999999998,vd,645,"25.057779999999998,121.52201000000001"
VN5HV61,121.52341000000001,25.05823,vd,646,"25.05823,121.52341000000001"
VN5IG00,121.52536,25.05711,vd,647,"25.05711,121.52536"
VN5IG20,121.52604,25.05823,vd,648,"25.05823,121.52604"
VN5JX20,121.53506999999999,25.05816,vd,649,"25.05816,121.53506999999999"
VN7ST40,121.56908999999999,25.05836,vd,650,"25.05836,121.56908999999999"
VN8GX40,121.5181,25.05946,vd,651,"25.05946,121.5181"
VN8PG20,121.55434,25.05836,vd,652,"25.05836,121.55434"
VN8PT60,121.53084,25.05816,vd,653,"25.05816,121.53084"
VN9PZ60,121.55856000000001,25.05847,vd,654,"25.05847,121.55856000000001"
VND3C20,121.6088,25.058629999999997,vd,655,"25.058629999999997,121.6088"
VNDRK20,121.56536000000001,25.05902,vd,656,"25.05902,121.56536000000001"
VNES600,121.56756999999999,25.05914,vd,657,"25.05914,121.56756999999999"
VNF3G20,121.59702,25.05569,vd,658,"25.05569,121.59702"
VNKIG00,121.52543999999999,25.05944,vd,659,"25.05944,121.52543999999999"
VNKIG40,121.52569,25.06085,vd,660,"25.06085,121.52569"
VNLHV00,121.52295,25.06071,vd,661,"25.06071,121.52295"
VNLJX20,121.5323,25.0603,vd,662,"25.0603,121.5323"
VNLKR60,121.53725,25.060389999999998,vd,663,"25.060389999999998,121.53725"
VNNFY00,121.5131,25.06202,vd,664,"25.06202,121.5131"
VNUNJ00,121.54937,25.05963,vd,665,"25.05963,121.54937"
VNUNJ20,121.54681000000001,25.0623,vd,666,"25.0623,121.54681000000001"
VNXPC00,121.55447,25.0604,vd,667,"25.0604,121.55447"
VNXPC60,121.55963999999999,25.06261,vd,668,"25.06261,121.55963999999999"
VNZ4641,121.61386,25.06097,vd,669,"25.06097,121.61386"
VNZLJ40,121.54097,25.063660000000002,vd,670,"25.063660000000002,121.54097"
VNZM960,121.55416000000001,25.06202,vd,671,"25.06202,121.55416000000001"
VNZQA20,121.55232,25.06154,vd,672,"25.06154,121.55232"
VP5KR40,121.53671999999999,25.05944,vd,673,"25.05944,121.53671999999999"
VP5KR60,121.53513999999998,25.062379999999997,vd,674,"25.062379999999997,121.53513999999998"
VP5KR62,121.53848,25.06225,vd,675,"25.06225,121.53848"
VP5QG20,121.55878,25.0622,vd,676,"25.0622,121.55878"
VP6IG60,121.52503,25.06261,vd,677,"25.06261,121.52503"
VP6JY40,121.53316000000001,25.061989999999998,vd,678,"25.061989999999998,121.53316000000001"
VP6JY60,121.53076999999999,25.06241,vd,679,"25.06241,121.53076999999999"
VP8GI20,121.516,25.06241,vd,680,"25.06241,121.516"
VP8GI60,121.5173,25.06304,vd,681,"25.06304,121.5173"
VP8GX00,121.5179,25.06489,vd,682,"25.06489,121.5179"
VP8GX40,121.51781000000001,25.06149,vd,683,"25.06149,121.51781000000001"
VP8GX42,121.51818999999999,25.06415,vd,684,"25.06415,121.51818999999999"
VP8QY00,121.56336,25.0613,vd,685,"25.0613,121.56336"
VPBTD70,121.57731000000001,25.0627,vd,686,"25.0627,121.57731000000001"
VPDS600,121.56861,25.0614,vd,687,"25.0614,121.56861"
VPHKR40,121.53488,25.066329999999997,vd,688,"25.066329999999997,121.53488"
VPJFZ00,121.51366999999999,25.06524,vd,689,"25.06524,121.51366999999999"
VPLJF00,121.52986999999999,25.064510000000002,vd,690,"25.064510000000002,121.52986999999999"
VPLKP40,121.53563999999999,25.06655,vd,691,"25.06655,121.53563999999999"
VPMSV40,121.57242,25.06735,vd,692,"25.06735,121.57242"
VPWMA00,121.54442,25.065279999999998,vd,693,"25.065279999999998,121.54442"
VPYIH00,121.52573999999998,25.065520000000003,vd,694,"25.065520000000003,121.52573999999998"
VPYIH40,121.52538,25.06766,vd,695,"25.06766,121.52538"
VQ6WK40,121.59052,25.06718,vd,696,"25.06718,121.59052"
VQDLJ20,121.53906,25.06812,vd,697,"25.06812,121.53906"
VQEJF20,121.52944,25.0683,vd,698,"25.0683,121.52944"
VQEJY00,121.53288,25.06636,vd,699,"25.06636,121.53288"
VQEUU60,121.58306999999999,25.06877,vd,700,"25.06877,121.58306999999999"
VQFHC20,121.52106,25.06842,vd,701,"25.06842,121.52106"
VQFHV41,121.52276,25.0682,vd,702,"25.0682,121.52276"
VQFHV60,121.5234,25.06856,vd,703,"25.06856,121.5234"
VQGF701,121.50868999999999,25.06375,vd,704,"25.06375,121.50868999999999"
VQGFY00,121.51377,25.06974,vd,705,"25.06974,121.51377"
VQGFY01,121.51364,25.06736,vd,706,"25.06736,121.51364"
VQGFY41,121.51353999999999,25.07118,vd,707,"25.07118,121.51353999999999"
VQGGJ20,121.51441000000001,25.06876,vd,708,"25.06876,121.51441000000001"
VQKWL00,121.58965,25.07057,vd,709,"25.07057,121.58965"
VQKWL40,121.58991,25.07091,vd,710,"25.07091,121.58991"
VQKWL60,121.58988000000001,25.06887,vd,711,"25.06887,121.58988000000001"
VQKWL61,121.60058000000001,25.06721,vd,712,"25.06721,121.60058000000001"
VQRTE00,121.57468,25.069229999999997,vd,713,"25.069229999999997,121.57468"
VRGUF00,121.58038,25.07252,vd,714,"25.07252,121.58038"
VRKQZ40,121.56322,25.077779999999997,vd,715,"25.077779999999997,121.56322"
VRNIF00,121.52388,25.07303,vd,716,"25.07303,121.52388"
VRNIF40,121.52435,25.07938,vd,717,"25.07938,121.52435"
VRPSV00,121.57309,25.0725,vd,718,"25.0725,121.57309"
VRPSV70,121.57276,25.0737,vd,719,"25.0737,121.57276"
VRTHD40,121.51899999999999,25.0736,vd,720,"25.0736,121.51899999999999"
VS6TI00,121.57623999999998,25.07566,vd,721,"25.07566,121.57623999999998"
VS7SN60,121.56642,25.07817,vd,722,"25.07817,121.56642"
VS9TE00,121.57308,25.07496,vd,723,"25.07496,121.57308"
VSDPM60,121.56156000000001,25.07616,vd,724,"25.07616,121.56156000000001"
VSEMA00,121.54446999999999,25.07722,vd,725,"25.07722,121.54446999999999"
VSEMV60,121.54788,25.07752,vd,726,"25.07752,121.54788"
VSGLN60,121.54293,25.077679999999997,vd,727,"25.077679999999997,121.54293"
VSGRX60,121.57077,25.07678,vd,728,"25.07678,121.57077"
VSHZU60,121.60713999999999,25.080920000000003,vd,729,"25.080920000000003,121.60713999999999"
VSJJX20,121.52852,25.07798,vd,730,"25.07798,121.52852"
VSKTL00,121.57533000000001,25.07761,vd,731,"25.07761,121.57533000000001"
VSNRE00,121.57162,25.077939999999998,vd,732,"25.077939999999998,121.57162"
VSNVA60,121.58008000000001,25.07854,vd,733,"25.07854,121.58008000000001"
VSPRA40,121.56442,25.079639999999998,vd,734,"25.079639999999998,121.56442"
VSPRA60,121.5658,25.07842,vd,735,"25.07842,121.5658"
VSQVZ20,121.58681000000001,25.07858,vd,736,"25.07858,121.58681000000001"
VSQYA00,121.60127,25.075429999999997,vd,737,"25.075429999999997,121.60127"
VSSWC60,121.59003999999999,25.07997,vd,738,"25.07997,121.59003999999999"
VSVI900,121.5254,25.076999999999998,vd,739,"25.076999999999998,121.5254"
VSVI940,121.5251,25.08234,vd,740,"25.08234,121.5251"
VSWMR40,121.54581999999999,25.08004,vd,741,"25.08004,121.54581999999999"
VSXTK20,121.57446000000002,25.08026,vd,742,"25.08026,121.57446000000002"
VT5QV00,121.56346,25.079639999999998,vd,743,"25.079639999999998,121.56346"
VT6HS40,121.52276,25.08181,vd,744,"25.08181,121.52276"
VT8SZ60,121.57366999999999,25.08065,vd,745,"25.08065,121.57366999999999"
VT9FV00,121.51346000000001,25.08034,vd,746,"25.08034,121.51346000000001"
VT9NN00,121.55098999999998,25.081789999999998,vd,747,"25.081789999999998,121.55098999999998"
VTEZS20,121.60701,25.07759,vd,748,"25.07759,121.60701"
VTGFS00,121.51257,25.082629999999998,vd,749,"25.082629999999998,121.51257"
VTHRR20,121.56683999999998,25.0821,vd,750,"25.0821,121.56683999999998"
VTTIF00,121.52538,25.08244,vd,751,"25.08244,121.52538"
VTVXH20,121.59371999999999,25.08306,vd,752,"25.08306,121.59371999999999"
VTXQJ20,121.55841000000001,25.08491,vd,753,"25.08491,121.55841000000001"
VTXQL00,121.56143999999999,25.082810000000002,vd,754,"25.082810000000002,121.56143999999999"
VTYXQ60,121.5977,25.0847,vd,755,"25.0847,121.5977"
VTZY920,121.59872,25.08465,vd,756,"25.08465,121.59872"
VU5IF00,121.52564,25.084979999999998,vd,757,"25.084979999999998,121.52564"
VU5QC60,121.55978,25.08494,vd,758,"25.08494,121.55978"
VU8EF00,121.50764,25.082720000000002,vd,759,"25.082720000000002,121.50764"
VU8EF20,121.505,25.08541,vd,760,"25.08541,121.505"
VU8EF40,121.50738999999999,25.08266,vd,761,"25.08266,121.50738999999999"
VU8P760,121.55559,25.08488,vd,762,"25.08488,121.55559"
VU9NA40,121.54887,25.089489999999998,vd,763,"25.089489999999998,121.54887"
VUIFC60,121.51196999999999,25.08786,vd,764,"25.08786,121.51196999999999"
VUVHL40,121.52093,25.08909,vd,765,"25.08909,121.52093"
VV7GX00,121.51768999999999,25.09025,vd,766,"25.09025,121.51768999999999"
VV9GE20,121.51191000000001,25.08834,vd,767,"25.08834,121.51191000000001"
VV9IP40,121.52673999999999,25.0915,vd,768,"25.0915,121.52673999999999"
VVCGQ40,121.5017,25.1189,vd,769,"25.1189,121.5017"
VVVGB40,121.51396000000001,25.095370000000003,vd,770,"25.095370000000003,121.51396000000001"
VVYIV00,121.52791,25.091839999999998,vd,771,"25.091839999999998,121.52791"
VW7HN20,121.51918,25.09325,vd,772,"25.09325,121.51918"
VWGIV60,121.529,25.09606,vd,773,"25.09606,121.529"
VWRLS20,121.54097,25.09708,vd,774,"25.09708,121.54097"
VX7FU40,121.51222,25.10425,vd,775,"25.10425,121.51222"
VX9KL60,121.53522,25.09831,vd,776,"25.09831,121.53522"
VXJHS00,121.52308000000001,25.100279999999998,vd,777,"25.100279999999998,121.52308000000001"
VXSLB20,121.53958,25.10194,vd,778,"25.10194,121.53958"
VXWNW20,121.55066000000001,25.100360000000002,vd,779,"25.100360000000002,121.55066000000001"
VYBIB00,121.52448999999999,25.1048,vd,780,"25.1048,121.52448999999999"
VYLJ620,121.52955,25.10669,vd,781,"25.10669,121.52955"
VYRGM00,121.5182,25.10514,vd,782,"25.10514,121.5182"
VZAJE60,121.52808,25.10514,vd,783,"25.10514,121.52808"
VZKPR20,121.55743999999999,25.10841,vd,784,"25.10841,121.55743999999999"
VZLKH60,121.53721999999999,25.110570000000003,vd,785,"25.110570000000003,121.53721999999999"
