Id,Name,經度,緯度,類別
0,松山機場站出口1,121.552335,25.063717,mrt
1,中山國中站出口,121.544031,25.060889,mrt
2,忠孝復興站出口1,121.543143,25.041797,mrt
3,大安站出口1,121.541949,25.033508,mrt
4,科技大樓站出口,121.543636,25.026154,mrt
5,六張犁站出口,121.552737,25.023852,mrt
6,麟光站出口,121.558606,25.018554,mrt
7,辛亥站出口,121.557021,25.005119,mrt
8,萬芳醫院站出口,121.557737,24.999383,mrt
9,萬芳社區站出口,121.568409,24.99858,mrt
10,木柵站出口,121.573417,24.998174,mrt
11,動物園站出口1,121.579916,24.99825,mrt
12,大直站出口1,121.547104,25.080118,mrt
13,劍南路站出口1,121.555226,25.085174,mrt
14,西湖站出口1,121.566647,25.082339,mrt
15,港墘站出口1,121.57556,25.080152,mrt
16,文德站出口1,121.58564,25.078671,mrt
17,內湖站出口1,121.594266,25.083745,mrt
18,大湖公園站出口1,121.602377,25.083894,mrt
19,葫洲站出口1,121.608047,25.072638,mrt
20,東湖站出口1,121.611129,25.067218,mrt
21,南港軟體園區站出口1,121.615817,25.059995,mrt
22,南港展覽館站出口1,121.616936,25.055847,mrt
23,景美站出口1,121.540933,24.992296,mrt
24,萬隆站出口1,121.538896,25.001367,mrt
25,公館站出口1,121.534377,25.014509,mrt
26,台電大樓站出口1,121.528577,25.01962,mrt
27,古亭站出口1,121.522973,25.025976,mrt
28,中正紀念堂站出口1,121.517764,25.033034,mrt
29,小南門站出口1,121.509752,25.036434,mrt
30,台大醫院站出口1,121.515731,25.040913,mrt
31,台北車站,121.517532,25.046255,mrt
32,雙連站出口1,121.520588,25.057499,mrt
33,民權西路站出口1,121.519454,25.062641,mrt
34,圓山站出口1,121.520033,25.070785,mrt
35,劍潭站出口1,121.525175,25.08503,mrt
36,士林站出口1,121.525966,25.094106,mrt
37,芝山站出口1,121.522636,25.102046,mrt
38,明德站出口,121.519153,25.109298,mrt
39,石牌站出口1,121.515171,25.115007,mrt
40,唭哩岸站出口1,121.506987,25.120673,mrt
41,奇岩站出口,121.50096,25.126169,mrt
42,北投站出口1,121.49824,25.132316,mrt
43,新北投站出口,121.503524,25.136968,mrt
44,復興崗站出口1,121.485373,25.137665,mrt
45,忠義站出口1,121.473169,25.131056,mrt
46,關渡站出口1,121.467215,25.125431,mrt
47,龍山寺站出口1,121.49953,25.035484,mrt
48,善導寺站出口1,121.523009,25.045097,mrt
49,忠孝新生站出口1,121.531829,25.042784,mrt
50,忠孝敦化站出口1,121.550578,25.041642,mrt
51,國父紀念館站出口1,121.556663,25.041838,mrt
52,市政府站出口1,121.565459,25.041408,mrt
53,永春站出口1,121.57512,25.040995,mrt
54,後山埤站出口1,121.58141,25.044422,mrt
55,昆陽站出口1,121.592726,25.050319,mrt
56,南港站出口1,121.606357,25.051911,mrt
57,象山站出口1,121.569394,25.033025,mrt
58,台北101/世貿站出口1,121.561671,25.033107,mrt
59,信義安和站出口1,121.552602,25.033377,mrt
60,大安森林公園站出口1,121.534442,25.033693,mrt
61,大橋頭站出口1,121.512319,25.06318,mrt
62,中山國小站出口1,121.526095,25.06284,mrt
63,行天宮站出口1,121.533004,25.058316,mrt
64,東門站出口1,121.527994,25.034157,mrt
65,南京復興站出口1,121.542121,25.052625,mrt
66,中山站出口1,121.520303,25.052414,mrt
67,西門站出口1,121.507566,25.042137,mrt
68,松江南京站出口1,121.532388,25.051842,mrt
69,北門站出口1,121.509862,25.048737,mrt
70,台北小巨蛋站出口1,121.55153,25.051836,mrt
71,南京三民站出口1,121.563643,25.051517,mrt
72,松山站出口1,121.577022,25.050171,mrt
73,V0111C0,121.51601,25.04858,vd
74,V0112A0,121.50694,25.05191,vd
75,V0120C0,121.51164,25.04985,vd
76,V0130A0,121.51876,25.04831,vd
77,V0130A1,121.52615,25.04726,vd
78,V0140C0,121.53311,25.04524,vd
79,V0140C1,121.54115,25.0445,vd
80,V0150C0,121.54303,25.04469,vd
81,V0150C1,121.54797,25.04489,vd
82,V0150C2,121.55138,25.04452,vd
83,V0160C0,121.55738,25.04503,vd
84,V0380F0,121.5662,25.04546,vd
85,V0390G0,121.56018,25.04523,vd
86,V03A0G0,121.55542,25.04478,vd
87,V03B0G0,121.54777,25.04506,vd
88,V03C0G0,121.54114,25.04469,vd
89,V03C0G1,121.53446,25.04524,vd
90,V03D0G0,121.52619,25.04744,vd
91,V03D0G1,121.52304,25.04798,vd
92,V03D0G2,121.5188,25.04849,vd
93,V03E0G0,121.51461,25.0492,vd
94,V03E0G1,121.5117,25.05004,vd
95,V0UVS20,121.5834,24.97714,vd
96,V1001A0,121.53797,25.0236,vd
97,V1001B0,121.538,25.02758,vd
98,V1010A0,121.53202,25.02216,vd
99,V1010A1,121.53732,25.02646,vd
100,V1011A0,121.53805,25.03454,vd
101,V1020A1,121.53751,25.03409,vd
102,V1021A0,121.538,25.03871,vd
103,V1030A0,121.53758,25.03905,vd
104,V1040A0,121.53635,25.04287,vd
105,V1050A0,121.53721,25.05735,vd
106,V1051A1,121.53705,25.05241,vd
107,V1060A0,121.53646,25.04924,vd
108,V1070A1,121.53658,25.05638,vd
109,V1080A0,121.53683,25.06396,vd
110,V10C0A0,121.53633,25.04563,vd
111,V10D2A0,121.53728,25.0605,vd
112,V10E2A0,121.53705,25.04966,vd
113,V10F2A0,121.537,25.0463,vd
114,V1210E0,121.53322,25.06844,vd
115,V1220E0,121.53322,25.06844,vd
116,V1221E0,121.53595,25.0655,vd
117,V1230E0,121.5373,25.06366,vd
118,V1231E0,121.53653,25.05398,vd
119,V1240E0,121.53647,25.05177,vd
120,V1241E0,121.53649,25.04844,vd
121,V1250E0,121.53699,25.04711,vd
122,V1260E0,121.53697,25.045,vd
123,V1270E0,121.53702,25.04288,vd
124,V1280E0,121.53825,25.03732,vd
125,V1290E0,121.53784,25.03384,vd
126,V12B2E0,121.5373,25.02286,vd
127,V12C2E0,121.53638,25.0443,vd
128,V12D2E0,121.53747,25.04004,vd
129,V12E2E0,121.53742,25.0368,vd
130,V12F2E0,121.53746,25.02858,vd
131,V12G2E0,121.53797,25.0236,vd
132,V1CPB00,121.55377,24.98097,vd
133,V1CRT60,121.5678,24.98382,vd
134,V1IUI20,121.57658,24.98746,vd
135,V1NMM20,121.54813,24.9871,vd
136,V1NQM40,121.56066,24.98714,vd
137,V1SNV00,121.55244,24.98919,vd
138,V1TT960,121.5739,24.99044,vd
139,V1VJK40,121.53415,24.99333,vd
140,V1XLD00,121.53949,24.9886,vd
141,V2101B0,121.53391,25.00871,vd
142,V2110C0,121.54382,25.01668,vd
143,V2120C0,121.54746,25.01974,vd
144,V2130C0,121.54777,25.02027,vd
145,V2310G0,121.54124,25.01491,vd
146,V2311G0,121.53894,25.01247,vd
147,V2320G0,121.51194,25.02402,vd
148,V2321G0,121.54382,25.01668,vd
149,V2330G0,121.53544,24.99933,vd
150,V2KLN40,121.5403,24.99852,vd
151,V2LSS20,121.57161,24.99371,vd
152,V2PK0E0,121.53703,24.9981,vd
153,V2RTQ20,121.57447,24.99505,vd
154,V2WUA20,121.57683,24.99652,vd
155,V2ZUI60,121.58066,24.99918,vd
156,V3110C0,121.53469,25.01061,vd
157,V3120C0,121.53797,25.0236,vd
158,V3132C0,121.53374,25.02222,vd
159,V3310G0,121.53252,25.022,vd
160,V3311G0,121.53374,25.02222,vd
161,V3320G0,121.53049,25.02038,vd
162,V3330G0,121.5435,25.02135,vd
163,V36F660,121.50768,25.11348,vd
164,V37JI40,121.53189,25.11382,vd
165,V3AIL00,121.52572,25.11153,vd
166,V3MER00,121.50839,25.11345,vd
167,V3UNW00,121.5511,25.11591,vd
168,V3ZT820,121.57036,25.11472,vd
169,V4010A0,121.53538,25.00358,vd
170,V4011A0,121.53411,25.00618,vd
171,V4020A0,121.52811,25.01138,vd
172,V4031A0,121.52666,25.01402,vd
173,V4040H1,121.52566,25.01583,vd
174,V4050G0,121.50791,25.02249,vd
175,V4060G0,121.50405,25.01991,vd
176,V4070G0,121.5233,25.01905,vd
177,V4080G0,121.4916,25.02288,vd
178,V4081G0,121.49294,25.01907,vd
179,V4090H0,121.48869,25.02927,vd
180,V40A2G0,121.49603,25.01625,vd
181,V4210D0,121.49569,25.01638,vd
182,V4220D0,121.50647,25.02105,vd
183,V4221E0,121.49411,25.01713,vd
184,V4230B0,121.50078,25.018,vd
185,V4231C0,121.49608,25.01652,vd
186,V4250B0,121.51474,25.02378,vd
187,V4261E0,121.51125,25.02366,vd
188,V4270C0,121.51997,25.02064,vd
189,V4271C0,121.51625,25.02308,vd
190,V4280C0,121.5359,24.99858,vd
191,V4290C0,121.52564,25.0155,vd
192,V4291E0,121.52292,25.02042,vd
193,V42A0D0,121.53088,25.01,vd
194,V42B0D0,121.53535,25.00297,vd
195,V42B1D0,121.53391,25.00871,vd
196,V42B1E0,121.54035,25.01372,vd
197,V42C0E0,121.53341,24.99205,vd
198,V42E2E0,121.51661,25.02183,vd
199,V42F2E0,121.5008,25.01827,vd
200,V42I2E0,121.52308,25.01978,vd
201,V42K2C0,121.49327,25.01907,vd
202,V42K2C1,121.48961,25.02725,vd
203,V4NJD00,121.52892,25.11713,vd
204,V4VDD40,121.51131,25.10844,vd
205,V5050A0,121.49249,25.03685,vd
206,V5051A0,121.4911,25.03639,vd
207,V5060B0,121.49869,25.04074,vd
208,V5062G0,121.50781,25.05067,vd
209,V5070A0,121.50786,25.05507,vd
210,V5070A1,121.50208,25.04502,vd
211,V5070A2,121.50544,25.04802,vd
212,V5080A0,121.50747,25.05447,vd
213,V50B0A0,121.5071,25.08271,vd
214,V50C2A0,121.49947,25.04199,vd
215,V5250E0,121.50652,25.05072,vd
216,V5260E0,121.49588,25.039,vd
217,V5261E0,121.50639,25.04919,vd
218,V5261F0,121.50464,25.04774,vd
219,V5271E0,121.50142,25.04514,vd
220,V52A0E0,121.48836,25.03172,vd
221,V52B1E0,121.49569,25.01638,vd
222,V52C0E0,121.48975,25.02691,vd
223,V52C1E0,121.48922,25.02932,vd
224,V52C2E0,121.48911,25.03546,vd
225,V52D0E0,121.49175,25.02183,vd
226,V52H2E0,121.49663,25.03918,vd
227,V52I2E0,121.50033,25.04413,vd
228,V52J2E0,121.50282,25.04613,vd
229,V56BU20,121.48599,25.12186,vd
230,V58AH60,121.47438,25.12243,vd
231,V5AAF60,121.49065,25.12148,vd
232,V5AAF61,121.46884,25.12314,vd
233,V5B2R20,121.47308,25.12271,vd
234,V5B2R60,121.48302,25.12196,vd
235,V5G1K20,121.46666,25.12308,vd
236,V6110C0,121.57005,25.05272,vd
237,V6120C0,121.57082,25.05147,vd
238,V6121A0,121.57651,25.05487,vd
239,V6130C0,121.57427,25.05334,vd
240,V6140C0,121.57639,25.05452,vd
241,V6140C1,121.5766,25.05457,vd
242,V6141E0,121.57245,25.06323,vd
243,V6150C0,121.58155,25.0572,vd
244,V6150C1,121.58517,25.05916,vd
245,V6151C0,121.58365,25.05845,vd
246,V6151C1,121.58507,25.05919,vd
247,V6160C0,121.58759,25.06048,vd
248,V6160C1,121.5912,25.06071,vd
249,V6160C2,121.59849,25.05828,vd
250,V6160C3,121.60204,25.05848,vd
251,V6160C4,121.6061,25.05899,vd
252,V6160C5,121.60964,25.06011,vd
253,V6160C6,121.61088,25.06105,vd
254,V6160C7,121.61174,25.06199,vd
255,V6170C1,121.6142,25.06355,vd
256,V6171C0,121.6194,25.06115,vd
257,V6171C1,121.61598,25.06293,vd
258,V6180A0,121.61796,25.06201,vd
259,V6180A1,121.61935,25.06109,vd
260,V6180A2,121.62175,25.05822,vd
261,V6310G0,121.62187,25.05829,vd
262,V6320G0,121.6195,25.06121,vd
263,V6320G1,121.6167,25.06293,vd
264,V6330G0,121.61446,25.06356,vd
265,V6330G2,121.61083,25.06113,vd
266,V6330G3,121.60958,25.06019,vd
267,V6330G4,121.60589,25.05902,vd
268,V6330G5,121.60211,25.05858,vd
269,V6330G6,121.59807,25.05839,vd
270,V6330G7,121.59116,25.06094,vd
271,V6330G8,121.58754,25.06057,vd
272,V6340G0,121.58507,25.05928,vd
273,V6340G1,121.5807,25.05692,vd
274,V6350G0,121.5765,25.0547,vd
275,V6351G0,121.57915,25.05602,vd
276,V6360G0,121.57419,25.05343,vd
277,V6360G1,121.57056,25.05142,vd
278,V6380E0,121.56794,25.04716,vd
279,V7010A0,121.56739,25.04624,vd
280,V7230E0,121.56987,25.053,vd
281,V7HMH00,121.54602,25.13333,vd
282,V7JCE40,121.49556,25.13311,vd
283,V8001H0,121.50467,25.08703,vd
284,V8001H1,121.503,25.08876,vd
285,V8001H2,121.50245,25.08983,vd
286,V8010A1,121.49952,25.0922,vd
287,V8010A2,121.49754,25.09666,vd
288,V8020A0,121.49908,25.10116,vd
289,V8030A0,121.49908,25.10524,vd
290,V8040A0,121.49862,25.1114,vd
291,V8040A1,121.49992,25.11656,vd
292,V8050A0,121.49955,25.1214,vd
293,V8220E0,121.49983,25.11907,vd
294,V8220E1,121.49925,25.11435,vd
295,V8220E2,121.49844,25.11139,vd
296,V8230E1,121.49873,25.10583,vd
297,V8240E0,121.49888,25.10216,vd
298,V8250E0,121.49752,25.09763,vd
299,V8250E1,121.49925,25.09219,vd
300,V8260E0,121.50214,25.08935,vd
301,V9010A0,121.57976,25.00348,vd
302,V9030A2,121.57951,25.01701,vd
303,V9040A0,121.57775,25.0219,vd
304,V9050A0,121.57624,25.02458,vd
305,V9060A0,121.57209,25.03161,vd
306,V9201A0,121.57297,25.03319,vd
307,V9211A0,121.56988,25.03229,vd
308,V9230A1,121.57123,25.02872,vd
309,V9240A0,121.57648,25.02205,vd
310,V9250A2,121.57857,25.01618,vd
311,V9260A0,121.58069,25.00847,vd
312,V9FKW40,121.53832,25.17386,vd
313,V9FLB00,121.54098,25.16784,vd
314,V9HKV40,121.53336,25.17739,vd
315,V9IJV70,121.53515,25.16982,vd
316,VACTV20,121.57514,24.9993,vd
317,VAGPE40,121.55241,24.9975,vd
318,VAWVC20,121.58202,25.00244,vd
319,VB5PL40,121.55742,25.00519,vd
320,VB5PL60,121.558,25.00855,vd
321,VB9L800,121.53846,25.00302,vd
322,VBWQ840,121.55511,25.0119,vd
323,VCCKW00,121.53883,25.00655,vd
324,VCNKM20,121.53619,25.01139,vd
325,VCPKT00,121.53891,25.01275,vd
326,VCPKT40,121.53923,25.01348,vd
327,VCPKT41,121.53368,25.01549,vd
328,VCZLY20,121.54251,25.01582,vd
329,VDENZ00,121.55462,25.01285,vd
330,VDKJT00,121.53102,25.01416,vd
331,VDTJT00,121.53397,25.01394,vd
332,VDTJW00,121.53633,25.01286,vd
333,VDYN960,121.54955,25.01638,vd
334,VE4A420,121.60186,25.05355,vd
335,VE7GH40,121.52449,25.02049,vd
336,VEFM0C0,121.54833,25.02083,vd
337,VEFMN20,121.54658,25.01958,vd
338,VEFMN40,121.54544,25.0187,vd
339,VEFMN60,121.54836,25.01638,vd
340,VEGCQ00,121.49686,25.01864,vd
341,VELJA00,121.53024,25.01902,vd
342,VENCU40,121.49778,25.02013,vd
343,VEUPN60,121.55784,25.01922,vd
344,VEVIV40,121.52708,25.02166,vd
345,VEWM500,121.5433,25.02346,vd
346,VEWM560,121.545,25.02038,vd
347,VEWN0C0,121.54833,25.02083,vd
348,VEZPT20,121.55465,25.02207,vd
349,VF9KB00,121.53327,25.0181,vd
350,VF9KB20,121.53255,25.02191,vd
351,VF9KB60,121.53258,25.02268,vd
352,VF9KW60,121.53925,25.0213,vd
353,VF9M500,121.54913,25.09182,vd
354,VF9NH00,121.55082,25.02348,vd
355,VFDGP01,121.51673,25.02165,vd
356,VFNN700,121.54829,25.02482,vd
357,VFNNH40,121.51332,25.11445,vd
358,VFPMQ20,121.54666,25.02462,vd
359,VFQM660,121.54427,25.02479,vd
360,VFTLH60,121.53935,25.02522,vd
361,VFVGM00,121.51628,25.02558,vd
362,VFVKW40,121.53808,25.02914,vd
363,VFWBS00,121.49146,25.02507,vd
364,VFYKD00,121.53402,25.02927,vd
365,VFYKD01,121.53483,25.02437,vd
366,VFYKD40,121.53466,25.02488,vd
367,VFYKD41,121.53466,25.02761,vd
368,VFZK620,121.52484,25.02712,vd
369,VG6J520,121.52894,25.02642,vd
370,VG7EQ00,121.50498,25.02863,vd
371,VG7PG50,121.55377,25.02555,vd
372,VG8IK40,121.52649,25.02774,vd
373,VG8IK60,121.51809,25.02682,vd
374,VGBBW20,121.49277,25.02999,vd
375,VGBBW60,121.49408,25.03116,vd
376,VGHN840,121.54856,25.03083,vd
377,VGIA660,121.4882,25.0303,vd
378,VGIBX60,121.49349,25.02856,vd
379,VGKBM20,121.48804,25.03051,vd
380,VGKCG20,121.49404,25.02717,vd
381,VGKCG40,121.49699,25.03166,vd
382,VGKCG60,121.49734,25.02927,vd
383,VGLKW40,121.53686,25.04566,vd
384,VGMFQ20,121.511,25.02958,vd
385,VGSGF00,121.51533,25.02814,vd
386,VGTHG00,121.52088,25.02888,vd
387,VGTPW50,121.55744,25.02906,vd
388,VGUEI60,121.50276,25.02981,vd
389,VGYER20,121.50648,25.03052,vd
390,VGYS640,121.56818,25.03113,vd
391,VGYS7A0,121.57172,25.03224,vd
392,VGYS7A1,121.57195,25.03218,vd
393,VH6CN60,121.49877,25.03108,vd
394,VH6DG00,121.50035,25.03016,vd
395,VH7E720,121.50133,25.03108,vd
396,VH7E760,121.506,25.03122,vd
397,VH7EN60,121.50792,25.03132,vd
398,VH9H820,121.49408,25.03116,vd
399,VHBGA00,121.5143,25.03132,vd
400,VHBGA01,121.51268,25.03384,vd
401,VHEPV00,121.55755,25.03093,vd
402,VHEPV40,121.5575,25.0321,vd
403,VHFHU00,121.52283,25.0328,vd
404,VHFHV00,121.52227,25.02964,vd
405,VHHEF20,121.50576,25.0328,vd
406,VHJS620,121.5665,25.0328,vd
407,VHKPV40,121.55741,25.03476,vd
408,VHKPV60,121.55905,25.03305,vd
409,VHKQP20,121.56022,25.03288,vd
410,VHLM800,121.54308,25.03184,vd
411,VHLNV00,121.55233,25.0316,vd
412,VHM3N40,121.61127,25.03355,vd
413,VHMKV20,121.53608,25.03356,vd
414,VHMKW40,121.53746,25.03049,vd
415,VHMM620,121.55012,25.03144,vd
416,VHMML20,121.54553,25.03331,vd
417,VHNJV20,121.52874,25.03386,vd
418,VHPBV00,121.49191,25.03247,vd
419,VHPEB20,121.5033,25.03347,vd
420,VHSH560,121.51971,25.03374,vd
421,VHSIP20,121.52518,25.0351,vd
422,VHWGD40,121.51679,25.03759,vd
423,VHWGD60,121.5187,25.04293,vd
424,VHX4E40,121.61597,25.03507,vd
425,VHXS600,121.56827,25.03275,vd
426,VHYFT00,121.51246,25.03675,vd
427,VHZC820,121.49596,25.03555,vd
428,VI6I900,121.52443,25.03615,vd
429,VI6NV00,121.54836,25.03514,vd
430,VI9EM00,121.50622,25.03522,vd
431,VI9QP10,121.56055,25.03369,vd
432,VI9QP11,121.56178,25.03619,vd
433,VI9QP12,121.5615,25.03535,vd
434,VI9R760,121.56464,25.0358,vd
435,VI9RW20,121.56624,25.0358,vd
436,VI9S600,121.56849,25.03527,vd
437,VIAM700,121.5436,25.03672,vd
438,VIBHV20,121.52196,25.03684,vd
439,VIDDL00,121.50102,25.03433,vd
440,VIGHK20,121.51901,25.03832,vd
441,VIGHK40,121.52144,25.03852,vd
442,VIKPW00,121.55763,25.03665,vd
443,VIKPW61,121.55909,25.03773,vd
444,VIKQP20,121.55899,25.03762,vd
445,VIKQU50,121.56358,25.03969,vd
446,VILNY60,121.55393,25.03784,vd
447,VILPI20,121.55396,25.03752,vd
448,VIME520,121.5041,25.0381,vd
449,VIME560,121.50578,25.03769,vd
450,VIMNN00,121.55188,25.03694,vd
451,VINJW00,121.53319,25.03566,vd
452,VINKW00,121.5383,25.03652,vd
453,VINKW20,121.53569,25.03824,vd
454,VINKW40,121.53764,25.03566,vd
455,VINLD61,121.54164,25.03823,vd
456,VINM760,121.54502,25.03812,vd
457,VIPIZ60,121.52734,25.03856,vd
458,VIPIZ61,121.52819,25.03702,vd
459,VIPJA20,121.53098,25.03837,vd
460,VIQDB00,121.49869,25.03857,vd
461,VIRHZ20,121.5228,25.03878,vd
462,VISCI20,121.49091,25.03555,vd
463,VIVS602,121.56871,25.04,vd
464,VIWR760,121.56444,25.03919,vd
465,VIWRJ00,121.56541,25.03775,vd
466,VIWRJ60,121.5684,25.03905,vd
467,VIXJ740,121.5291,25.04027,vd
468,VJ7II00,121.52574,25.04047,vd
469,VJ7KV40,121.53814,25.03905,vd
470,VJCHS40,121.52266,25.04169,vd
471,VJCTT20,121.57463,25.04076,vd
472,VJCTT60,121.57491,25.04109,vd
473,VJDST20,121.56968,25.04069,vd
474,VJERC00,121.56386,25.04051,vd
475,VJERC40,121.56524,25.04316,vd
476,VJERC50,121.56564,25.04333,vd
477,VJERC51,121.56497,25.04147,vd
478,VJERC52,121.56444,25.04086,vd
479,VJES820,121.56608,25.041,vd
480,VJFPW00,121.55774,25.04049,vd
481,VJFPW01,121.55756,25.04315,vd
482,VJFPW60,121.55351,25.0415,vd
483,VJFQQ00,121.56161,25.0401,vd
484,VJFQQ60,121.56232,25.04105,vd
485,VJGMT00,121.55,25.0393,vd
486,VJGMT20,121.54647,25.04141,vd
487,VJGN700,121.54846,25.03979,vd
488,VJGNY60,121.55371,25.04155,vd
489,VJGPQ00,121.54845,25.04349,vd
490,VJGPQ20,121.54739,25.04488,vd
491,VJHKR21,121.5384,25.04158,vd
492,VJHKR40,121.5371,25.04113,vd
493,VJHM700,121.54375,25.04408,vd
494,VJHML20,121.54545,25.04142,vd
495,VJM4U00,121.6175,25.04021,vd
496,VJMHU00,121.52302,25.0431,vd
497,VJMHU60,121.52383,25.04208,vd
498,VJPEI40,121.50644,25.04294,vd
499,VJPEI60,121.5039,25.04313,vd
500,VJQEB00,121.5063,25.04796,vd
501,VJQJI20,121.53065,25.04273,vd
502,VJSJD40,121.52691,25.0328,vd
503,VJT4T00,121.61689,25.04282,vd
504,VJTFX00,121.51313,25.04281,vd
505,VJTJ820,121.52745,25.04359,vd
506,VJTJ960,121.53145,25.04428,vd
507,VJUDT20,121.50185,25.04305,vd
508,VJVRL10,121.56549,25.04297,vd
509,VJVRL11,121.56595,25.04315,vd
510,VJVRL40,121.56658,25.04496,vd
511,VJWJ700,121.53282,25.0401,vd
512,VJWJ720,121.53141,25.04049,vd
513,VJWJ740,121.53284,25.04024,vd
514,VK5IE20,121.52613,25.04392,vd
515,VK6L860,121.541,25.04489,vd
516,VK6NY60,121.55646,25.04507,vd
517,VK6P820,121.55099,25.04447,vd
518,VK7K820,121.53341,25.04448,vd
519,VK7KP40,121.53633,25.04572,vd
520,VK8LT20,121.54107,25.04441,vd
521,VK9KC60,121.53577,25.04497,vd
522,VKAHN20,121.52218,25.04527,vd
523,VKCUX20,121.58305,25.0458,vd
524,VKDUK20,121.57899,25.04522,vd
525,VKE4M40,121.61525,25.04641,vd
526,VKESJ10,121.57341,25.04549,vd
527,VKII640,121.52361,25.04572,vd
528,VKJEP40,121.50741,25.04727,vd
529,VKJJP20,121.53106,25.04566,vd
530,VKLGD20,121.51449,25.04671,vd
531,VKLLH20,121.5405,25.047,vd
532,VKLPX00,121.55762,25.0465,vd
533,VKNIV20,121.52692,25.0469,vd
534,VKP4L00,121.61517,25.04568,vd
535,VKRM820,121.5446,25.04768,vd
536,VKSIE60,121.52702,25.0473,vd
537,VKVHI20,121.51901,25.04817,vd
538,VKVJB60,121.52705,25.04858,vd
539,VKWN800,121.54903,25.0471,vd
540,VKWNV20,121.55182,25.04839,vd
541,VKXET60,121.50829,25.04865,vd
542,VKXRL60,121.56228,25.04694,vd
543,VKZQW20,121.56207,25.04878,vd
544,VL5GL60,121.51903,25.04852,vd
545,VL6IA60,121.52386,25.04941,vd
546,VL6RM20,121.56761,25.04914,vd
547,VL7PX00,121.55778,25.04898,vd
548,VL7SU60,121.57417,25.04947,vd
549,VL7TM20,121.57418,25.04931,vd
550,VL9SB00,121.56978,25.05073,vd
551,VLAFP60,121.51209,25.04998,vd
552,VLAJE40,121.52991,25.05045,vd
553,VLAKQ20,121.5368,25.05119,vd
554,VLBHN00,121.52109,25.04895,vd
555,VLDTB20,121.57314,25.04983,vd
556,VLEWX20,121.59214,25.04993,vd
557,VLGGY60,121.51914,25.05059,vd
558,VLGGYA0,121.49952,25.10603,vd
559,VLKGF40,121.51604,25.05109,vd
560,VLKSH00,121.56951,25.04985,vd
561,VLKSH01,121.56951,25.04985,vd
562,VLMG600,121.51372,25.05301,vd
563,VLMR820,121.51899,25.09456,vd
564,VLNPU40,121.55692,25.0524,vd
565,VLNX920,121.59075,25.05083,vd
566,VLPN800,121.54882,25.05303,vd
567,VLQEY00,121.50792,25.04975,vd
568,VLQLI00,121.54049,25.04952,vd
569,VLQLI40,121.54058,25.05368,vd
570,VLRHT00,121.52204,25.05116,vd
571,VLRHT60,121.52386,25.0522,vd
572,VLRIF20,121.52385,25.05213,vd
573,VLRIF40,121.52544,25.05316,vd
574,VLRJE00,121.52997,25.05374,vd
575,VLRJM60,121.5316,25.05208,vd
576,VLRJX00,121.53291,25.05091,vd
577,VLRJX20,121.5316,25.052,vd
578,VLRKQ40,121.53649,25.05094,vd
579,VLTEQ40,121.50929,25.05223,vd
580,VLV3D60,121.61119,25.05264,vd
581,VLXFX20,121.51196,25.04962,vd
582,VLXZ720,121.59718,25.05194,vd
583,VLY4920,121.61142,25.05256,vd
584,VLYGU40,121.51743,25.05234,vd
585,VM010A2,121.54497,25.06887,vd
586,VM210E2,121.54357,25.07043,vd
587,VM64J20,121.61374,25.0528,vd
588,VM6GJ00,121.51624,25.05347,vd
589,VM7FI60,121.511,25.05391,vd
590,VM7PP00,121.5559,25.0546,vd
591,VM8PX60,121.56525,25.05432,vd
592,VM9QH20,121.55891,25.05385,vd
593,VMAZC60,121.60169,25.0535,vd
594,VMBWS20,121.58399,25.05227,vd
595,VMCN800,121.54889,25.05333,vd
596,VMDL800,121.53986,25.05466,vd
597,VMDL820,121.53128,25.05472,vd
598,VMDXF00,121.59502,25.05332,vd
599,VMEJW40,121.53308,25.05669,vd
600,VMEKD00,121.53558,25.05466,vd
601,VMEKQ40,121.53727,25.05482,vd
602,VMEKQ41,121.53652,25.0558,vd
603,VMFIG20,121.52513,25.055,vd
604,VMLXB00,121.59419,25.05537,vd
605,VMQ4C40,121.61405,25.05675,vd
606,VMQGX40,121.51807,25.05568,vd
607,VMQMV00,121.54368,25.0537,vd
608,VMTG520,121.51272,25.05693,vd
609,VMTR600,121.56357,25.05644,vd
610,VMUGG20,121.51439,25.05718,vd
611,VMV4U41,121.61653,25.05722,vd
612,VMXH820,121.51944,25.0577,vd
613,VMYN820,121.54694,25.05752,vd
614,VMZL960,121.53814,25.05814,vd
615,VMZL961,121.5428,25.06247,vd
616,VMZLI20,121.54173,25.05808,vd
617,VMZM900,121.54378,25.05976,vd
618,VN0A0E0,121.53014,25.0435,vd
619,VN0B0E0,121.53036,25.04417,vd
620,VN0B0E1,121.53108,25.04669,vd
621,VN0B0E2,121.53064,25.04622,vd
622,VN0B0E3,121.52858,25.04949,vd
623,VN0C0E0,121.52928,25.04919,vd
624,VN0C0E1,121.52797,25.05544,vd
625,VN0C0E2,121.52806,25.05286,vd
626,VN0E0E0,121.52808,25.06358,vd
627,VN0E0E1,121.52811,25.0635,vd
628,VN0E0E2,121.52781,25.06761,vd
629,VN0F0E0,121.52806,25.069,vd
630,VN0F0E1,121.52725,25.07174,vd
631,VN2A0E0,121.52719,25.07183,vd
632,VN2A0E1,121.52561,25.07364,vd
633,VN2B0E0,121.52744,25.05658,vd
634,VN2B0E1,121.52783,25.06761,vd
635,VN2B0E2,121.52778,25.06744,vd
636,VN2B0E3,121.52722,25.06217,vd
637,VN2C0E0,121.52806,25.05086,vd
638,VN2C0E1,121.52706,25.05406,vd
639,VN2C0E2,121.52886,25.04906,vd
640,VN2D0E0,121.53064,25.046,vd
641,VN2D0E1,121.52953,25.04797,vd
642,VN2D0E2,121.53061,25.04689,vd
643,VN2E0E0,121.52975,25.04406,vd
644,VN5HV00,121.52266,25.05534,vd
645,VN5HV60,121.52201,25.05778,vd
646,VN5HV61,121.52341,25.05823,vd
647,VN5IG00,121.52536,25.05711,vd
648,VN5IG20,121.52604,25.05823,vd
649,VN5JX20,121.53507,25.05816,vd
650,VN7ST40,121.56909,25.05836,vd
651,VN8GX40,121.5181,25.05946,vd
652,VN8PG20,121.55434,25.05836,vd
653,VN8PT60,121.53084,25.05816,vd
654,VN9PZ60,121.55856,25.05847,vd
655,VND3C20,121.6088,25.05863,vd
656,VNDRK20,121.56536,25.05902,vd
657,VNES600,121.56757,25.05914,vd
658,VNF3G20,121.59702,25.05569,vd
659,VNKIG00,121.52544,25.05944,vd
660,VNKIG40,121.52569,25.06085,vd
661,VNLHV00,121.52295,25.06071,vd
662,VNLJX20,121.5323,25.0603,vd
663,VNLKR60,121.53725,25.06039,vd
664,VNNFY00,121.5131,25.06202,vd
665,VNUNJ00,121.54937,25.05963,vd
666,VNUNJ20,121.54681,25.0623,vd
667,VNXPC00,121.55447,25.0604,vd
668,VNXPC60,121.55964,25.06261,vd
669,VNZ4641,121.61386,25.06097,vd
670,VNZLJ40,121.54097,25.06366,vd
671,VNZM960,121.55416,25.06202,vd
672,VNZQA20,121.55232,25.06154,vd
673,VP5KR40,121.53672,25.05944,vd
674,VP5KR60,121.53514,25.06238,vd
675,VP5KR62,121.53848,25.06225,vd
676,VP5QG20,121.55878,25.0622,vd
677,VP6IG60,121.52503,25.06261,vd
678,VP6JY40,121.53316,25.06199,vd
679,VP6JY60,121.53077,25.06241,vd
680,VP8GI20,121.516,25.06241,vd
681,VP8GI60,121.5173,25.06304,vd
682,VP8GX00,121.5179,25.06489,vd
683,VP8GX40,121.51781,25.06149,vd
684,VP8GX42,121.51819,25.06415,vd
685,VP8QY00,121.56336,25.0613,vd
686,VPBTD70,121.57731,25.0627,vd
687,VPDS600,121.56861,25.0614,vd
688,VPHKR40,121.53488,25.06633,vd
689,VPJFZ00,121.51367,25.06524,vd
690,VPLJF00,121.52987,25.06451,vd
691,VPLKP40,121.53564,25.06655,vd
692,VPMSV40,121.57242,25.06735,vd
693,VPWMA00,121.54442,25.06528,vd
694,VPYIH00,121.52574,25.06552,vd
695,VPYIH40,121.52538,25.06766,vd
696,VQ6WK40,121.59052,25.06718,vd
697,VQDLJ20,121.53906,25.06812,vd
698,VQEJF20,121.52944,25.0683,vd
699,VQEJY00,121.53288,25.06636,vd
700,VQEUU60,121.58307,25.06877,vd
701,VQFHC20,121.52106,25.06842,vd
702,VQFHV41,121.52276,25.0682,vd
703,VQFHV60,121.5234,25.06856,vd
704,VQGF701,121.50869,25.06375,vd
705,VQGFY00,121.51377,25.06974,vd
706,VQGFY01,121.51364,25.06736,vd
707,VQGFY41,121.51354,25.07118,vd
708,VQGGJ20,121.51441,25.06876,vd
709,VQKWL00,121.58965,25.07057,vd
710,VQKWL40,121.58991,25.07091,vd
711,VQKWL60,121.58988,25.06887,vd
712,VQKWL61,121.60058,25.06721,vd
713,VQRTE00,121.57468,25.06923,vd
714,VRGUF00,121.58038,25.07252,vd
715,VRKQZ40,121.56322,25.07778,vd
716,VRNIF00,121.52388,25.07303,vd
717,VRNIF40,121.52435,25.07938,vd
718,VRPSV00,121.57309,25.0725,vd
719,VRPSV70,121.57276,25.0737,vd
720,VRTHD40,121.519,25.0736,vd
721,VS6TI00,121.57624,25.07566,vd
722,VS7SN60,121.56642,25.07817,vd
723,VS9TE00,121.57308,25.07496,vd
724,VSDPM60,121.56156,25.07616,vd
725,VSEMA00,121.54447,25.07722,vd
726,VSEMV60,121.54788,25.07752,vd
727,VSGLN60,121.54293,25.07768,vd
728,VSGRX60,121.57077,25.07678,vd
729,VSHZU60,121.60714,25.08092,vd
730,VSJJX20,121.52852,25.07798,vd
731,VSKTL00,121.57533,25.07761,vd
732,VSNRE00,121.57162,25.07794,vd
733,VSNVA60,121.58008,25.07854,vd
734,VSPRA40,121.56442,25.07964,vd
735,VSPRA60,121.5658,25.07842,vd
736,VSQVZ20,121.58681,25.07858,vd
737,VSQYA00,121.60127,25.07543,vd
738,VSSWC60,121.59004,25.07997,vd
739,VSVI900,121.5254,25.077,vd
740,VSVI940,121.5251,25.08234,vd
741,VSWMR40,121.54582,25.08004,vd
742,VSXTK20,121.57446,25.08026,vd
743,VT5QV00,121.56346,25.07964,vd
744,VT6HS40,121.52276,25.08181,vd
745,VT8SZ60,121.57367,25.08065,vd
746,VT9FV00,121.51346,25.08034,vd
747,VT9NN00,121.55099,25.08179,vd
748,VTEZS20,121.60701,25.07759,vd
749,VTGFS00,121.51257,25.08263,vd
750,VTHRR20,121.56684,25.0821,vd
751,VTTIF00,121.52538,25.08244,vd
752,VTVXH20,121.59372,25.08306,vd
753,VTXQJ20,121.55841,25.08491,vd
754,VTXQL00,121.56144,25.08281,vd
755,VTYXQ60,121.5977,25.0847,vd
756,VTZY920,121.59872,25.08465,vd
757,VU5IF00,121.52564,25.08498,vd
758,VU5QC60,121.55978,25.08494,vd
759,VU8EF00,121.50764,25.08272,vd
760,VU8EF20,121.505,25.08541,vd
761,VU8EF40,121.50739,25.08266,vd
762,VU8P760,121.55559,25.08488,vd
763,VU9NA40,121.54887,25.08949,vd
764,VUIFC60,121.51197,25.08786,vd
765,VUVHL40,121.52093,25.08909,vd
766,VV7GX00,121.51769,25.09025,vd
767,VV9GE20,121.51191,25.08834,vd
768,VV9IP40,121.52674,25.0915,vd
769,VVCGQ40,121.5017,25.1189,vd
770,VVVGB40,121.51396,25.09537,vd
771,VVYIV00,121.52791,25.09184,vd
772,VW7HN20,121.51918,25.09325,vd
773,VWGIV60,121.529,25.09606,vd
774,VWRLS20,121.54097,25.09708,vd
775,VX7FU40,121.51222,25.10425,vd
776,VX9KL60,121.53522,25.09831,vd
777,VXJHS00,121.52308,25.10028,vd
778,VXSLB20,121.53958,25.10194,vd
779,VXWNW20,121.55066,25.10036,vd
780,VYBIB00,121.52449,25.1048,vd
781,VYLJ620,121.52955,25.10669,vd
782,VYRGM00,121.5182,25.10514,vd
783,VZAJE60,121.52808,25.10514,vd
784,VZKPR20,121.55744,25.10841,vd
785,VZLKH60,121.53722,25.11057,vd